geneid,Reference
b0001,10.3728331
b0002,10.31456227
b0003,9.982250596
b0004,9.973666136
b0005,7.132481795
b0006,6.494941138
b0007,2.988554875
b0008,10.68361468
b0009,5.96421628
b0010,4.716846258
b0011,1.903270928
b0012,0.299486482
b0013,1.190337193
b0014,9.570579221
b0015,7.577533457
b0016,5.894102691
b0018,3.499248271
b0019,5.696406596
b0020,5.816477109
b0021,1.605121029
b0022,4.34065883
b0023,12.09410992
b0024,3.395452755
b0025,8.17262829
b0026,8.937167416
b0027,7.637783303
b0028,7.320309599
b0029,6.93748537
b0030,4.457594745
b0031,8.449814807
b0032,10.21556431
b0033,9.865357505
b0034,5.725698242
b0035,2.270286447
b0036,1.126332969
b0037,3.008607384
b0038,2.526906931
b0039,3.370784767
b0040,0.80062966
b0041,1.546337327
b0042,1.159477227
b0043,1.048258925
b0044,1.056453947
b0045,0.552823226
b0046,4.842012191
b0047,4.497581779
b0048,6.73391294
b0049,6.333688365
b0050,6.945484136
b0051,7.720544258
b0052,7.476204784
b0053,8.681452363
b0054,8.575389493
b0055,5.764138332
b0056,5.412594026
b0057,5.470668901
b0058,5.599118105
b0059,6.228164242
b0060,4.142933278
b0061,2.086546244
b0062,2.076401756
b0063,1.745985316
b0064,5.310448717
b0065,4.458300622
b0066,5.138343676
b0067,5.12491422
b0068,7.643317257
b0069,4.981998971
b0070,4.062106408
b0071,9.969492493
b0072,9.92226113
b0073,9.715227357
b0074,9.287032196
b0075,9.421490119
b0076,2.694797965
b0077,8.172370361
b0078,7.767715782
b0080,7.274693064
b0081,7.752286837
b0082,7.41440184
b0083,7.256369088
b0084,6.60873337
b0085,7.122982189
b0086,7.063240721
b0087,6.535361276
b0088,6.943873889
b0089,6.355992297
b0090,6.563384166
b0091,6.971718979
b0092,7.234280321
b0093,7.163641566
b0094,7.009142279
b0095,9.265014073
b0096,9.707765203
b0097,8.89028317
b0098,7.651831151
b0099,4.503869365
b0101,6.748642904
b0102,6.909403718
b0103,6.769884246
b0104,8.861468355
b0106,2.326886012
b0107,2.62730734
b0108,0.871956041
b0109,6.928161329
b0110,5.794527153
b0111,4.99614032
b0112,9.344151151
b0113,7.947651277
b0114,10.01264726
b0115,9.375254328
b0116,10.71794261
b0117,1.786779225
b0118,10.68258995
b0119,7.107465442
b0120,8.686985131
b0121,8.689986663
b0122,7.522766606
b0123,7.500608574
b0124,7.181456225
b0125,8.067323341
b0126,10.56966187
b0127,6.281950568
b0128,5.492288012
b0129,4.140941091
b0130,3.694759575
b0131,9.848876473
b0132,2.91642324
b0133,8.26360412
b0134,8.18009408
b0135,1.766294647
b0136,1.150196053
b0137,1.798925253
b0138,1.694027146
b0139,1.19014417
b0140,0.372870303
b0141,0.806617493
b0142,6.459804747
b0143,8.587157991
b0144,5.230140399
b0145,10.15842221
b0146,5.795510653
b0147,5.540747511
b0148,4.954295095
b0149,5.971312147
b0150,8.262623096
b0151,6.237113683
b0152,5.64123089
b0153,4.520880583
b0154,7.714365219
b0155,4.993474943
b0156,8.53882584
b0157,4.520185762
b0158,4.854503309
b0159,8.541390948
b0160,5.282236066
b0161,7.245652731
b0162,2.656157967
b0163,8.216545203
b0164,3.983107973
b0166,10.40799238
b0167,6.135557071
b0168,8.725573737
b0169,12.49232486
b0170,10.64831444
b0171,8.606918684
b0172,10.4818748
b0173,4.868230269
b0174,7.428148253
b0175,6.992442374
b0176,7.752992575
b0177,8.726816285
b0178,10.16446175
b0179,9.625868105
b0180,8.894441541
b0181,8.629966614
b0182,7.320787034
b0183,6.559800199
b0184,6.561545547
b0185,8.808202187
b0186,5.150140976
b0187,5.860958728
b0188,5.630588404
b0189,7.429394701
b0190,5.553026998
b0191,5.90488034
b0192,5.993479231
b0193,2.686042954
b0194,8.748950541
b0195,6.514702316
b0196,7.793332491
b0197,10.21050213
b0198,7.847623775
b0199,8.130768186
b0200,6.833318227
b0207,5.315355764
b0208,5.028436683
b0209,7.310798621
b0210,4.221820179
b0211,8.848098739
b0212,6.289813448
b0213,5.829769463
b0214,6.567200267
b0215,7.292559623
b0217,2.431565776
b0218,0.398630825
b0219,5.227369371
b0220,8.207089947
b0221,5.294091925
b0222,8.402105124
b0223,7.119774331
b0224,8.092545262
b0225,7.102575366
b0226,7.17816133
b0227,3.043146891
b0228,4.171429777
b0229,1.049476195
b0230,1.638800496
b0231,4.480533749
b0232,4.957802604
b0233,3.965285217
b0234,3.232559964
b0235,0.827545147
b0236,0.903746616
b0237,8.240410946
b0238,7.854180717
b0239,6.23761373
b0240,8.313399934
b0241,1.861141233
b0242,7.631777482
b0243,7.747644341
b0245,0.937194491
b0246,0.304743994
b0247,0.38317327
b0248,0.224039574
b0249,0
b0250,5.393178277
b0251,2.844505176
b0252,1.212930176
b0253,3.725531507
b0254,2.889905421
b0256,3.332260031
b0258,4.320166295
b0259,7.208431092
b0260,4.95581142
b0261,5.555199658
b0262,1.857335868
b0263,1.747555369
b0264,2.953645641
b0265,4.04089872
b0266,5.780397829
b0267,1.116444996
b0268,2.319903893
b0269,2.509852229
b0270,2.3035871
b0271,2.853499527
b0272,6.884970318
b0273,8.896670601
b0274,2.314767885
b0275,3.253844045
b0276,3.513939999
b0277,3.621130944
b0278,2.572608168
b0279,1.050782964
b0280,8.771836065
b0281,5.962544273
b0282,2.725947622
b0283,2.784160433
b0284,2.977004849
b0285,2.093939344
b0286,2.724037767
b0287,8.343247103
b0288,4.259567096
b0289,3.596243548
b0290,2.904721605
b0291,1.811867654
b0292,2.012125955
b0293,4.643958757
b0294,1.230045106
b0295,3.583065493
b0296,2.742400659
b0297,0.552823226
b0298,0
b0299,0.740977296
b0300,3.735254078
b0301,2.263879511
b0303,1.996415533
b0304,3.461750514
b0305,2.51857857
b0306,2.827549362
b0307,3.61491784
b0308,3.744512537
b0310,1.063517367
b0311,4.797413659
b0312,5.730039584
b0313,6.517086186
b0314,5.167425164
b0315,3.499228116
b0316,4.03941244
b0317,1.277013784
b0318,2.66879681
b0319,0.817660346
b0320,1.110560337
b0321,0.954298005
b0322,0.322107931
b0323,1.437481651
b0324,4.837723968
b0325,7.438990757
b0326,0.776655648
b0327,3.881096225
b0328,2.853662145
b0329,8.753134517
b0330,3.063900618
b0331,1.020339853
b0333,0.892357679
b0334,0.662167999
b0335,1.295707418
b0336,7.926734557
b0337,8.904170704
b0338,4.178946275
b0339,2.399558549
b0340,2.868652095
b0341,2.354808167
b0342,2.578057219
b0343,1.022617174
b0344,1.560760159
b0345,5.636459016
b0346,6.123417055
b0347,2.04287888
b0348,1.936008419
b0349,1.703744436
b0350,2.077650608
b0351,1.613862482
b0352,2.151845748
b0353,2.107249212
b0354,6.184767663
b0355,4.924802519
b0356,6.899730788
b0357,6.607118038
b0358,3.029228177
b0360,0.271387084
b0361,0.402436268
b0363,1.965929635
b0364,0.953379297
b0365,1.700140233
b0366,1.825420634
b0367,1.633509962
b0368,2.354796153
b0369,7.611732286
b0372,4.821057756
b0373,5.939418865
b0375,0.425496252
b0376,6.124465517
b0377,4.41733417
b0378,4.988110904
b0379,1.737552323
b0380,4.849200478
b0381,6.03464858
b0382,7.333765026
b0383,4.921699672
b0384,6.150815205
b0385,2.041661706
b0386,7.16990165
b0387,5.808328305
b0388,8.075765067
b0389,7.945632354
b0390,5.894680991
b0391,8.258137711
b0392,4.766948435
b0393,7.034109799
b0394,5.147358202
b0396,4.016096381
b0397,4.954235802
b0398,5.147175821
b0399,5.282633958
b0400,4.137616775
b0401,5.328630142
b0402,5.18154827
b0403,4.534604556
b0404,5.391452379
b0405,6.266397696
b0406,7.951637846
b0407,9.590647897
b0408,8.117550812
b0409,7.536357495
b0410,6.924804753
b0411,9.44802981
b0412,3.999528828
b0413,7.29984839
b0414,7.155914363
b0415,8.6362804
b0416,8.857955232
b0417,5.844413642
b0418,6.487147962
b0419,6.871116152
b0420,7.125342314
b0421,7.53653128
b0422,8.269681957
b0423,6.841409323
b0424,6.291339419
b0425,6.368133968
b0426,9.248376906
b0427,4.478268761
b0428,8.704369536
b0429,8.719681504
b0430,9.440512085
b0431,10.13043809
b0432,10.80860344
b0433,6.157013889
b0434,8.50840562
b0435,9.103539094
b0436,10.72136084
b0437,9.646675839
b0438,9.475243656
b0439,7.867303509
b0440,11.03360985
b0441,8.077589865
b0442,3.992158233
b0443,3.933912964
b0444,5.703089955
b0445,2.826051569
b0446,5.0613916
b0447,5.691277353
b0448,3.80159427
b0449,3.978071028
b0450,4.736142388
b0451,4.745682836
b0452,6.044694669
b0453,8.091364444
b0454,5.835415559
b0456,4.222883971
b0457,4.265666807
b0458,7.440814197
b0459,6.218183058
b0460,8.628078521
b0461,7.792472383
b0462,7.446622362
b0463,7.583580611
b0464,5.041467021
b0465,5.602295022
b0466,5.259934698
b0467,5.637597047
b0468,6.404067188
b0469,8.253610239
b0470,6.669490738
b0471,9.421247262
b0472,8.456330407
b0473,7.428955941
b0474,9.845911275
b0475,5.373530809
b0476,2.641131821
b0477,6.590040474
b0478,6.105085918
b0479,4.18232971
b0480,6.549136429
b0481,7.001051855
b0482,5.660662158
b0483,7.722009514
b0484,7.544247583
b0485,4.801442595
b0486,4.719110117
b0487,7.065644237
b0488,5.266404911
b0489,5.620447095
b0490,5.446229762
b0491,4.453685703
b0492,7.76299121
b0493,6.058499209
b0494,6.311393217
b0495,4.699629801
b0496,3.672670046
b0497,2.61013834
b0498,2.513710408
b0499,1.111874706
b0501,1.014444212
b0502,4.930957353
b0503,3.769159668
b0504,1.486926161
b0505,2.726093109
b0506,7.761520619
b0507,2.074236262
b0508,0.616682363
b0509,1.38162689
b0511,0.263635351
b0512,1.778508433
b0513,1.608383284
b0514,2.269974255
b0515,4.80017286
b0516,3.386164731
b0517,1.030296009
b0518,0.432379194
b0520,1.239336699
b0521,1.084431304
b0522,8.155225386
b0523,8.219481565
b0524,7.008560369
b0525,10.24617365
b0526,7.382739268
b0527,2.161241238
b0528,6.228428827
b0529,8.611561694
b0530,1.522057502
b0531,0.37817855
b0532,1.273530557
b0533,1.156860445
b0534,0
b0535,1.888668837
b0537,5.683325147
b0539,1.356966241
b0540,0.31950524
b0541,1.066019153
b0542,2.779072875
b0543,5.34647369
b0544,1.03668677
b0545,3.306545789
b0546,4.365227282
b0547,0.534160466
b0548,1.142001514
b0549,0.327445062
b0550,0
b0551,1.185776835
b0552,7.678765111
b0553,10.24588423
b0554,2.179829469
b0555,2.375238055
b0556,1.274345275
b0557,8.762946274
b0558,0.24618792
b0559,3.787756867
b0560,0.192680835
b0561,0.458905203
b0562,3.234461684
b0563,1.077248252
b0564,5.320689827
b0565,11.96343579
b0566,2.899729383
b0567,3.237615645
b0568,3.697738452
b0569,2.8573356
b0570,5.935888051
b0571,6.944846208
b0572,8.137015093
b0573,9.19602117
b0574,7.886301904
b0575,6.269906205
b0576,5.725773218
b0577,5.311991084
b0578,8.269300984
b0579,5.100700691
b0580,5.066249378
b0581,5.468416245
b0582,5.830398965
b0583,3.528960472
b0584,5.745850564
b0585,5.335392181
b0586,5.46859731
b0587,0.597968827
b0588,5.229637989
b0589,4.266240568
b0590,4.964610572
b0591,5.005499736
b0592,5.61519167
b0593,6.63513787
b0594,6.271929271
b0595,5.947376065
b0596,5.898930412
b0597,5.807064566
b0598,6.699033591
b0599,5.925875641
b0600,6.129822503
b0601,3.568358378
b0602,2.171622392
b0603,1.703403294
b0604,5.82136533
b0605,12.15227227
b0606,8.105247176
b0607,7.284765729
b0608,3.877756766
b0610,7.403264443
b0611,6.914921975
b0612,1.258638879
b0613,0.180628064
b0614,0.269569545
b0615,0.51763425
b0616,0.1217824
b0617,0.322107931
b0618,0
b0619,3.685423598
b0620,4.351492233
b0621,1.268396668
b0622,2.48827019
b0623,12.08112043
b0624,5.823029883
b0627,7.369179851
b0628,7.82015922
b0629,2.26443358
b0630,6.388254167
b0631,7.837093558
b0632,7.971237443
b0633,8.031416164
b0634,6.452074931
b0635,6.122328675
b0636,7.621488924
b0637,7.686337962
b0638,4.791134345
b0639,6.29483199
b0640,6.757284005
b0641,8.353710027
b0642,8.515962105
b0643,7.592440289
b0644,2.012623408
b0645,0.218224103
b0646,1.299141758
b0647,1.735785884
b0648,1.230677498
b0649,2.87869932
b0650,1.998273867
b0651,5.676450483
b0652,6.251674955
b0653,5.478703393
b0654,5.451073339
b0655,8.85125608
b0656,7.449167026
b0657,6.239228019
b0658,8.635854996
b0659,7.910689441
b0660,7.929767053
b0661,7.883937405
b0662,5.94237898
b0674,7.149396585
b0675,7.348863792
b0676,6.774656225
b0677,6.552075386
b0678,6.697045278
b0679,5.934280694
b0680,8.71733542
b0681,1.705147049
b0682,1.681566661
b0683,9.893921886
b0684,9.122011211
b0685,6.152193408
b0686,6.021121659
b0687,8.676345
b0688,8.456013471
b0689,3.769684649
b0691,2.344120005
b0692,2.777760432
b0693,1.182907791
b0694,4.594535039
b0695,4.547978396
b0696,3.778670652
b0697,1.896879929
b0698,0.753819385
b0699,5.812154565
b0700,2.436564672
b0702,1.177565921
b0703,1.548930061
b0704,2.578280849
b0705,0.278410661
b0706,0.928168334
b0707,6.354818435
b0708,4.988223466
b0709,4.49309819
b0710,7.691397339
b0711,7.093462134
b0712,7.194685225
b0713,6.58138023
b0714,5.687422301
b0715,2.971942379
b0716,1.171292573
b0717,1.472171619
b0718,0.820957884
b0719,1.109715099
b0720,11.07486245
b0721,10.95222994
b0722,9.642352791
b0723,9.888932075
b0724,9.984374347
b0726,9.755454858
b0727,10.20147384
b0728,10.08111763
b0729,9.912776405
b0730,4.69903884
b0731,0.395178674
b0732,3.131498996
b0733,7.82648887
b0734,7.736588712
b0735,6.140344327
b0736,7.438262409
b0737,7.620336505
b0738,6.466859687
b0739,6.790671568
b0740,9.466611987
b0741,11.59294147
b0742,9.258979332
b0750,8.487222367
b0751,7.7829548
b0752,5.085342861
b0753,6.554542994
b0754,10.36493729
b0755,10.30608527
b0756,8.564180165
b0757,6.909771308
b0758,5.996524352
b0759,6.332292635
b0760,7.423530875
b0761,5.866603097
b0762,8.74478822
b0763,5.54628414
b0764,4.421554062
b0765,3.859542232
b0766,6.181836254
b0767,7.93437421
b0768,1.498416134
b0769,0
b0770,0.432199993
b0771,1.845304702
b0772,7.413994485
b0773,7.403061333
b0774,5.906869528
b0775,7.570758967
b0776,6.052950998
b0777,6.0796943
b0778,6.931041652
b0779,6.616350496
b0780,5.326471786
b0781,7.699832808
b0782,7.952539812
b0783,7.190357864
b0784,5.944200683
b0785,6.982673696
b0786,7.723996733
b0787,2.527130993
b0788,3.82884747
b0789,5.010808584
b0790,5.469414424
b0791,5.263841774
b0792,4.39120593
b0793,4.236968907
b0794,5.150936067
b0795,5.420334838
b0796,5.599755133
b0797,5.454333774
b0798,3.774103289
b0799,4.049677119
b0800,6.854479313
b0801,8.486380612
b0802,6.728622959
b0803,5.223423009
b0804,4.817514507
b0805,6.383400433
b0806,5.259809161
b0807,5.960733763
b0808,3.435515891
b0809,8.365259455
b0810,7.8113793
b0811,9.441246945
b0812,11.4701073
b0813,3.833141024
b0814,11.59101823
b0815,3.958668878
b0817,7.145497283
b0818,4.579074203
b0819,8.176088631
b0820,7.235413427
b0821,5.883269451
b0822,6.628597758
b0823,1.948757495
b0824,0.122902103
b0825,3.440815335
b0826,5.198808449
b0827,5.798057911
b0828,8.077785009
b0829,6.885374686
b0830,6.425150218
b0831,5.447792756
b0832,4.515930873
b0833,4.74860627
b0834,4.59356783
b0835,7.053350771
b0836,5.528800156
b0837,3.854977098
b0838,8.024171133
b0839,6.948113072
b0840,7.067679544
b0841,5.935336039
b0842,4.81836137
b0843,4.749021217
b0844,5.446506634
b0845,4.097785088
b0846,4.186015735
b0847,5.337189198
b0848,4.036192375
b0849,5.368371151
b0850,5.879544771
b0851,6.480949864
b0852,5.492002761
b0853,7.292085295
b0854,7.285648272
b0855,5.780178544
b0856,3.922848265
b0857,3.940896946
b0858,4.919492763
b0859,4.515312608
b0860,9.950698382
b0861,6.356242105
b0862,6.328828551
b0863,8.134426638
b0864,7.58708407
b0865,8.26289092
b0866,6.650800783
b0867,6.398561785
b0868,6.595705503
b0869,5.556821829
b0870,6.952892984
b0871,7.268855542
b0872,0.925790008
b0873,1.193146675
b0874,6.10222409
b0875,3.687637526
b0876,5.299649562
b0877,7.356482387
b0878,5.739259242
b0879,4.422969904
b0880,9.378907107
b0881,7.637118071
b0882,8.994561832
b0884,10.57277552
b0885,6.12180625
b0886,6.117938554
b0887,4.911488631
b0888,8.894248674
b0889,10.47314696
b0890,7.139495658
b0891,6.848450046
b0892,6.131303195
b0893,9.151589081
b0894,2.658320203
b0895,2.430204623
b0896,2.333333446
b0897,7.529559756
b0898,5.121384858
b0899,1.572607963
b0900,3.834774936
b0901,2.699318258
b0902,6.774598585
b0903,10.13843513
b0904,6.457403876
b0905,6.731331124
b0906,4.521898181
b0907,10.96138233
b0908,8.542035448
b0909,3.438031994
b0910,8.380351248
b0911,11.54862972
b0912,10.42358683
b0913,2.084988357
b0914,6.719015
b0915,5.56203404
b0916,3.467681219
b0917,6.505224288
b0918,7.394421539
b0919,4.16843913
b0920,4.516250972
b0921,6.520356739
b0922,5.509577584
b0923,7.098305445
b0924,6.907750648
b0925,6.260919607
b0926,9.137931055
b0927,8.121158693
b0928,9.66737199
b0929,13.3470867
b0930,9.671654899
b0931,8.795274774
b0932,6.385506306
b0933,2.721972061
b0934,1.431655913
b0935,1.671449599
b0936,1.195166264
b0937,2.129753027
b0938,1.934343812
b0939,0.50082033
b0940,2.015338424
b0941,3.12751026
b0942,2.367026559
b0943,2.302008004
b0944,3.110164248
b0945,8.191367464
b0946,6.346987678
b0947,5.86185237
b0948,6.421438173
b0949,6.606193987
b0950,4.512584191
b0951,5.660310402
b0952,5.478753665
b0953,10.93385788
b0954,9.49813472
b0955,6.852942789
b0956,6.298316579
b0957,13.91440215
b0958,5.780992199
b0959,4.689128955
b0960,5.267019594
b0961,6.228687002
b0962,6.063659288
b0963,8.292554261
b0964,4.033738587
b0965,7.709161714
b0966,8.031122475
b0967,6.847305446
b0968,5.80671505
b0969,6.524735869
b0970,9.930165643
b0972,1.141000489
b0973,0.979916205
b0974,1.437772719
b0975,2.227364675
b0976,1.646979162
b0977,1.817380218
b0978,4.06046423
b0979,3.843950635
b0980,3.979348778
b0981,4.085413962
b0982,2.963950961
b0983,3.002394228
b0984,1.673231336
b0985,2.136037459
b0986,2.384630161
b0987,3.922689877
b0988,0.703931729
b0989,1.961672641
b0990,4.610557933
b0991,5.374434842
b0992,1.499301027
b0993,2.251396148
b0994,2.716395398
b0995,4.935763002
b0996,0.851585311
b0997,1.966676325
b0998,2.018386691
b0999,7.288775402
b1000,7.331084927
b1001,1.712598606
b1002,5.865416982
b1003,9.261813096
b1004,9.102370813
b1006,2.744979441
b1007,1.170266546
b1008,1.535595302
b1009,0.914651432
b1010,1.370207693
b1011,0.96275045
b1012,1.40404053
b1013,5.219547293
b1014,4.31755134
b1015,6.420004284
b1018,7.805959855
b1019,6.769054425
b1020,7.549368987
b1021,2.515141944
b1022,1.703229133
b1023,1.418932738
b1024,2.302323358
b1025,3.697896044
b1026,4.534224524
b1027,5.495356659
b1028,0.316945152
b1029,0.859786801
b1033,7.057000507
b1034,7.653856168
b1035,7.720579229
b1036,6.020988647
b1037,5.295119098
b1038,5.067119874
b1039,4.94759723
b1040,6.009046678
b1041,2.314443702
b1042,4.193623787
b1043,2.353489965
b1044,2.095397202
b1045,5.804336609
b1046,4.52444771
b1047,4.635285237
b1048,8.337653774
b1049,7.365040815
b1050,4.112057325
b1051,9.194261374
b1053,2.52350666
b1054,5.795443842
b1055,8.076017283
b1056,6.848972529
b1057,4.318401659
b1058,1.656606661
b1059,7.520249723
b1060,6.604257371
b1061,7.169869722
b1062,9.44149203
b1063,6.481721949
b1064,8.809024784
b1065,2.919469173
b1066,6.892293962
b1067,6.441697275
b1068,5.238508494
b1069,5.127045752
b1070,4.479766701
b1071,4.42251021
b1072,3.187318129
b1073,4.251067507
b1074,3.568875856
b1075,4.011116316
b1076,4.5374377
b1077,3.764848068
b1078,4.224455978
b1079,2.810115263
b1080,2.202772534
b1081,2.305499494
b1082,2.790259991
b1083,3.902753968
b1084,8.39742431
b1085,1.094354327
b1086,6.81062613
b1087,7.523648818
b1088,11.38275696
b1089,11.80543349
b1090,7.937379319
b1091,8.364468154
b1092,8.890100303
b1093,10.47472159
b1094,13.08341108
b1095,9.210455678
b1096,4.71950908
b1097,5.3720613
b1098,6.57428988
b1099,5.710691316
b1100,6.840568096
b1101,10.48346025
b1102,4.121129152
b1103,8.532918879
b1104,7.934485042
b1105,8.073227922
b1106,5.700308101
b1107,6.982446473
b1108,7.78989249
b1109,6.48199786
b1110,3.088593006
b1111,5.887986149
b1112,6.943031991
b1113,5.384296786
b1114,6.612502994
b1115,1.073952339
b1116,6.41332586
b1117,6.140752047
b1118,6.082468153
b1119,6.580612246
b1120,6.906153303
b1121,2.253102467
b1122,2.741204912
b1123,8.911875028
b1124,6.06602357
b1125,5.504671441
b1126,7.327504565
b1127,6.202186944
b1128,7.626959547
b1129,6.573834762
b1130,7.837748589
b1131,9.1552757
b1132,7.911478898
b1133,8.115866057
b1134,5.554167433
b1135,6.7228436
b1136,12.35630669
b1137,3.402426668
b1138,3.292801325
b1139,4.512413743
b1140,2.774582139
b1141,2.78381914
b1142,1.516311791
b1143,7.83498625
b1144,3.68964584
b1145,6.340075018
b1146,1.557988733
b1147,1.029887049
b1148,1.646156069
b1149,0.315433684
b1150,0.621451848
b1151,1.417767806
b1152,0.943055909
b1153,0.438087235
b1154,0.41094454
b1155,1.683322214
b1156,2.559413883
b1157,0.624995721
b1158,0.806868047
b1159,3.856478561
b1160,1.53936133
b1161,3.609609926
b1162,7.161546404
b1163,4.880890314
b1164,4.616866759
b1165,4.218276556
b1166,4.4104494
b1167,3.047523384
b1168,1.586178827
b1171,5.189135255
b1172,4.524699702
b1174,8.041991799
b1175,8.638479199
b1176,8.5875252
b1177,6.352969718
b1178,6.735709478
b1179,7.829803877
b1180,6.791796675
b1181,6.0449842
b1182,1.956386428
b1183,3.488434678
b1184,3.147125443
b1185,6.668833767
b1186,6.562312326
b1187,7.086732076
b1188,6.822741519
b1189,5.461590152
b1190,5.159945947
b1191,5.07646525
b1192,5.725888969
b1193,6.873871083
b1194,2.517668918
b1195,5.602014644
b1196,3.039570403
b1197,5.052696452
b1198,6.865574591
b1199,6.61791938
b1200,7.031119757
b1201,3.876839828
b1202,2.92451459
b1203,8.215439781
b1204,6.797356799
b1205,6.059083059
b1206,4.514116422
b1207,10.50405123
b1208,8.759039039
b1209,7.584766679
b1210,6.17297365
b1211,6.209299642
b1212,4.763803237
b1213,4.949155654
b1214,7.045908969
b1215,8.410036465
b1216,6.480242788
b1217,5.930400737
b1218,6.002297627
b1219,7.777499197
b1220,4.105929525
b1221,7.07822804
b1222,4.951945199
b1223,1.310964809
b1224,2.038873734
b1225,2.261760158
b1226,2.399805649
b1227,3.191655109
b1228,0.465353635
b1229,3.600590343
b1232,8.469626226
b1233,7.207464562
b1234,7.076235423
b1235,6.336556577
b1236,8.621580617
b1237,11.76696167
b1238,6.040110411
b1241,9.492228439
b1242,3.514556935
b1243,9.800013168
b1244,6.882579132
b1245,6.889529734
b1246,6.758306371
b1247,7.196501333
b1248,7.111564653
b1249,6.41238511
b1250,4.849439271
b1251,8.804604558
b1252,7.527353023
b1253,6.554899317
b1254,6.961949483
b1255,6.322308981
b1256,3.532990528
b1257,4.883943502
b1258,4.617880908
b1259,5.036100061
b1260,9.138220908
b1261,8.42089692
b1262,7.677702694
b1263,7.856987331
b1264,8.576369944
b1265,7.309922045
b1266,6.327162544
b1267,7.138223549
b1268,3.477051676
b1269,7.423315953
b1270,5.687028768
b1271,5.959746593
b1272,7.207911823
b1273,7.170730822
b1274,8.204638884
b1275,7.034982005
b1276,7.479200595
b1277,7.220340536
b1278,5.138589026
b1279,7.279366482
b1280,6.121634193
b1281,7.711790207
b1282,6.820043325
b1283,7.257267281
b1284,6.591230801
b1285,5.56494761
b1286,8.962915407
b1287,6.912979034
b1288,10.59026192
b1289,3.228454889
b1290,5.488828107
b1291,5.980621094
b1292,4.557564422
b1293,4.881516916
b1294,5.62126652
b1295,6.996220248
b1296,5.544481578
b1297,8.220436877
b1298,7.3259915
b1299,7.178635913
b1300,6.562895658
b1301,5.84248683
b1302,5.37810936
b1303,4.287718413
b1304,6.517204615
b1305,4.261271999
b1306,4.537284004
b1307,3.080644821
b1308,7.17296247
b1309,1.180046916
b1310,0.472362098
b1311,1.109714357
b1312,1.077470156
b1313,1.594169864
b1314,2.012202008
b1315,2.102313203
b1316,1.578478808
b1317,0.547753614
b1318,1.123550592
b1319,0
b1320,4.632375944
b1321,4.2855677
b1322,4.218873843
b1323,6.54002041
b1324,11.78984992
b1325,5.444455515
b1326,6.281959162
b1327,3.354853554
b1328,4.686788614
b1329,5.735308625
b1330,5.008248755
b1331,0.867593822
b1332,9.195526749
b1333,7.86592271
b1334,9.786193262
b1335,5.533309935
b1336,1.690214766
b1337,1.382055947
b1338,1.179848951
b1339,3.380004774
b1340,5.414706379
b1341,6.228635104
b1342,6.044939026
b1343,4.836795709
b1344,6.970906576
b1345,3.14742871
b1346,1.730702443
b1347,0.565801068
b1348,1.138681484
b1349,2.765433134
b1350,1.473844513
b1351,1.037845975
b1352,0
b1353,2.627172577
b1355,0.756163147
b1356,7.591221754
b1357,1.622544979
b1358,2.748523688
b1359,1.918817688
b1360,1.449767906
b1361,2.613526562
b1362,0
b1363,4.190482011
b1365,2.399776253
b1366,1.838137102
b1368,2.988311185
b1370,5.088302808
b1372,1.763343882
b1373,0.260136065
b1374,3.461786887
b1375,3.01860233
b1376,7.284432573
b1377,1.505622498
b1378,6.565470086
b1379,5.610024706
b1380,3.848519913
b1381,4.411463732
b1382,4.617871791
b1383,4.699382871
b1384,3.767978783
b1385,4.243520857
b1386,2.22135248
b1387,0.902362828
b1388,1.014354531
b1389,0.727466862
b1390,1.251223919
b1391,1.297185004
b1392,1.66325685
b1393,1.274243346
b1394,1.023384981
b1395,1.619131192
b1396,2.020697109
b1397,3.685953228
b1398,3.763326795
b1399,5.754560015
b1400,5.509566009
b1402,5.451754134
b1403,5.912130219
b1404,0.7811029
b1406,5.420741095
b1407,1.499428315
b1408,0.249242592
b1409,0
b1410,2.382827211
b1411,2.725566147
b1412,6.667119229
b1413,5.909487553
b1414,6.562776023
b1415,8.193269407
b1418,8.134557215
b1419,6.558897962
b1420,5.965921832
b1421,2.657624327
b1422,7.438038055
b1423,3.655894091
b1424,6.251714327
b1426,5.527952902
b1427,5.4709765
b1428,5.116797708
b1429,4.451937787
b1430,6.657640657
b1431,7.412059243
b1432,5.995689039
b1433,3.303496101
b1434,4.717974019
b1435,6.142703613
b1436,3.455483448
b1438,5.618462457
b1439,5.080683341
b1440,4.470180582
b1441,2.915331652
b1442,3.036051447
b1443,2.201124498
b1444,3.469071992
b1445,5.937753715
b1446,8.297715151
b1447,5.2174751
b1448,6.40150594
b1449,5.383964451
b1450,4.692301612
b1451,4.77584147
b1452,9.026049939
b1453,3.694346993
b1454,4.021441058
b1455,0.978168688
b1456,2.150703959
b1457,1.976134009
b1459,1.788444029
b1460,1.340506593
b1461,6.533680901
b1462,3.352951707
b1463,3.638925243
b1464,6.178591429
b1465,1.947406172
b1466,1.680244487
b1467,2.171236832
b1468,2.34859515
b1469,0.505372668
b1470,0
b1471,0.116140051
b1472,0.447456923
b1473,4.48644756
b1474,1.671880268
b1475,0.989502714
b1476,2.191206298
b1477,6.203551132
b1478,6.848967883
b1479,8.218987278
b1480,10.30017674
b1481,4.475940137
b1482,9.498712959
b1483,2.44432518
b1484,2.687975206
b1485,2.732333135
b1486,2.48811085
b1487,3.524286363
b1488,3.376139097
b1489,3.816964151
b1490,5.049705451
b1491,5.753798746
b1492,7.391770902
b1493,8.311175143
b1494,3.848423214
b1495,3.625821947
b1496,2.42800073
b1497,1.308921842
b1498,3.08946606
b1499,2.022025702
b1500,0
b1501,2.749072459
b1502,1.537515448
b1503,0.367070229
b1504,0.832877706
b1505,1.174425845
b1506,1.28139759
b1507,4.830230104
b1508,5.125767058
b1511,3.134031501
b1512,3.7304933
b1513,1.804921003
b1514,1.539432108
b1515,0.874105851
b1516,2.539531855
b1517,2.844983795
b1518,3.925439697
b1519,6.056290219
b1520,5.249955322
b1521,2.188628007
b1522,3.058383347
b1523,5.010675077
b1524,5.763420029
b1525,4.762523474
b1526,4.398134223
b1527,1.663742663
b1528,4.308566614
b1529,5.307472246
b1530,5.224177729
b1531,5.737979792
b1532,4.00502334
b1533,5.880819954
b1534,3.692875171
b1535,3.548516744
b1536,4.508474156
b1537,3.825277691
b1538,6.875600113
b1539,8.783165645
b1540,6.86237007
b1541,4.879697992
b1542,2.281446289
b1543,1.62879955
b1544,0
b1545,0
b1546,2.644478184
b1547,1.251326633
b1548,2.506522184
b1549,0.74929136
b1550,8.516405563
b1551,0.525391946
b1552,2.128173559
b1553,1.004167265
b1554,1.347098165
b1555,2.160409831
b1556,0.866008569
b1557,5.176079953
b1558,3.108096697
b1559,2.802926498
b1560,0.63651517
b1561,3.389143416
b1562,6.429559073
b1563,7.622470515
b1564,6.991982225
b1565,0.745350537
b1566,3.87572646
b1567,1.553277642
b1568,1.698165712
b1569,0.529243207
b1570,7.267274881
b1571,1.891342342
b1572,2.487469033
b1573,3.611557665
b1575,0.934664193
b1576,0.601656318
b1577,1.980226625
b1578,0.831034182
b1579,2.252170925
b1580,2.287864343
b1581,1.760235921
b1582,4.443665019
b1583,8.517527327
b1584,7.732120635
b1585,5.913794861
b1586,6.542139981
b1587,1.867244874
b1588,3.432459686
b1589,3.018665219
b1590,4.314140285
b1591,5.710441191
b1592,3.024312019
b1593,4.385876807
b1594,5.632617379
b1595,3.808251813
b1596,4.05301824
b1597,4.019541281
b1598,6.055507331
b1599,3.450596283
b1600,4.101981825
b1601,2.794688966
b1602,9.877851233
b1603,10.31385401
b1604,7.413118891
b1605,3.249833734
b1606,5.426895127
b1607,6.499774427
b1608,6.790652896
b1609,5.523531376
b1610,5.090613473
b1611,5.93929544
b1612,8.379901974
b1613,7.02323643
b1614,8.001446636
b1615,1.102744601
b1616,0.448417205
b1617,1.331401543
b1618,6.288979001
b1619,7.673294105
b1620,3.650226778
b1621,3.261156387
b1622,5.531693372
b1623,5.36844986
b1624,7.288830535
b1625,5.158179387
b1626,6.099253961
b1627,6.058955623
b1628,6.071336772
b1629,6.139897604
b1630,6.082710953
b1631,5.513211132
b1632,5.78341342
b1633,5.793355761
b1634,3.340868822
b1635,7.849902083
b1636,6.003121253
b1637,8.112830352
b1638,7.382116502
b1639,4.472341656
b1640,5.193459283
b1641,9.877555664
b1642,8.332486516
b1643,3.939330146
b1644,3.78579445
b1645,2.539068287
b1646,6.714661969
b1647,6.331333193
b1648,5.705804468
b1649,4.336314534
b1650,5.39967179
b1651,8.220048605
b1652,6.55038683
b1653,3.947896195
b1654,9.938123083
b1655,6.497654305
b1656,9.475277593
b1657,4.282273852
b1658,8.695915279
b1659,4.385503658
b1660,4.058274117
b1661,8.904283397
b1662,7.60817326
b1663,4.989000287
b1664,6.977305973
b1667,9.516574197
b1668,5.932607428
b1669,1.981118733
b1670,2.37712154
b1671,2.271417983
b1672,2.512349696
b1673,1.444133641
b1674,0.412648155
b1675,6.471487275
b1676,9.657880785
b1677,14.85449116
b1678,7.101124986
b1679,6.542428055
b1680,6.45253445
b1681,7.049282864
b1682,6.565601426
b1683,6.550753665
b1684,6.557386161
b1685,8.202242211
b1686,7.203936615
b1687,7.525308546
b1688,5.666630597
b1689,1.755277692
b1690,0.249271322
b1691,0.299108352
b1692,2.547676881
b1693,6.242931334
b1694,1.344673036
b1695,1.977603498
b1696,3.694282645
b1697,1.528235488
b1698,2.304554711
b1699,1.700006042
b1700,1.041623138
b1701,1.478249686
b1702,8.386040343
b1703,6.667997242
b1704,8.027343277
b1705,4.888856928
b1706,6.614975376
b1707,5.172683504
b1708,7.118088556
b1709,6.960936035
b1710,7.680003541
b1711,4.736847711
b1712,10.2734461
b1713,8.489913857
b1714,8.909439655
b1715,4.177023026
b1716,11.71976217
b1717,12.11181702
b1718,12.65903761
b1719,10.08399349
b1722,6.033581308
b1723,7.958659503
b1724,7.382245593
b1725,6.845501945
b1726,6.527867538
b1727,6.982641431
b1728,2.619530435
b1729,9.27610864
b1730,1.481988691
b1731,5.424914567
b1732,7.55148376
b1733,4.069015351
b1734,2.604659005
b1735,3.571846003
b1736,3.624564578
b1737,1.958506178
b1738,4.711151859
b1739,10.40185024
b1740,8.51460349
b1741,4.678816043
b1742,2.135325129
b1743,5.141473095
b1744,2.579823358
b1745,3.068882838
b1746,3.389044617
b1747,3.941223544
b1748,4.060969513
b1749,7.156437391
b1750,2.664638846
b1751,2.945650232
b1752,2.984337696
b1753,4.696574936
b1754,4.520690989
b1755,3.153545604
b1756,3.898481635
b1757,4.301779275
b1758,4.363355972
b1759,4.599713404
b1760,4.074245504
b1761,10.34554697
b1762,3.146885701
b1763,6.367730789
b1764,7.761108282
b1765,7.599072649
b1766,6.212907868
b1767,6.946989391
b1768,6.02562266
b1769,1.322035232
b1770,4.689412088
b1771,2.589788327
b1772,1.721762401
b1773,1.67260905
b1774,1.130791483
b1775,0.678309645
b1776,0.905811219
b1777,8.114203958
b1778,8.695154654
b1779,12.6826283
b1780,6.773010522
b1781,5.34484247
b1782,9.436227696
b1783,7.877587987
b1784,6.044532076
b1785,0.747345099
b1786,3.489890002
b1787,7.417917279
b1788,3.138794713
b1789,4.244547674
b1790,4.174856832
b1791,2.647238227
b1792,6.348500446
b1793,5.794105022
b1794,6.984801309
b1795,10.06407695
b1796,1.418384628
b1797,2.303521998
b1798,3.498477087
b1799,5.124282234
b1800,3.445478302
b1801,0.389279916
b1802,1.54305544
b1803,2.14150979
b1804,5.804265285
b1805,5.239672973
b1806,6.284546534
b1807,6.109934809
b1808,4.946750635
b1809,8.872176636
b1810,6.459950393
b1811,6.902289875
b1812,5.081083326
b1813,5.997776976
b1814,5.124374182
b1815,3.088435658
b1816,5.678655525
b1817,9.624358388
b1818,9.429442729
b1819,9.501011074
b1820,5.19371315
b1821,2.511942148
b1822,6.00026391
b1823,11.41208056
b1824,11.38749113
b1825,7.748847358
b1826,6.439978104
b1827,7.247297699
b1828,2.197883946
b1829,8.263819552
b1830,8.350032141
b1831,9.894974752
b1832,8.695961551
b1833,4.663679064
b1834,5.321893444
b1835,5.264909684
b1836,9.125252222
b1837,6.446398559
b1838,3.259389616
b1839,7.286506043
b1840,6.801792364
b1841,7.772476153
b1842,7.251922916
b1843,5.765020396
b1844,6.410152527
b1845,4.955597131
b1846,4.772516213
b1847,8.306172857
b1848,6.929748
b1849,7.630456887
b1850,7.951056121
b1851,5.472295441
b1852,8.331780977
b1853,5.89288326
b1854,7.991289584
b1855,6.89848892
b1856,5.899765691
b1857,6.403826189
b1858,5.732335045
b1859,4.402297236
b1860,6.163220019
b1861,6.293794283
b1862,1.898297099
b1863,6.985162213
b1864,8.445117206
b1865,7.806192815
b1866,8.255352347
b1867,6.421243618
b1868,4.968485678
b1869,7.512302333
b1870,6.500311374
b1871,6.354605122
b1872,2.613210751
b1873,0.948446283
b1874,6.402427735
b1875,6.486167684
b1876,7.77736397
b1877,2.465529604
b1878,1.588222114
b1879,2.618051554
b1880,2.286979971
b1881,3.064947354
b1882,3.894817801
b1883,1.076021991
b1884,1.204300681
b1885,1.370727462
b1886,1.415902354
b1887,3.146991004
b1888,2.411117082
b1889,1.172280362
b1890,1.443338537
b1891,5.499909691
b1892,5.415813057
b1893,2.314767885
b1894,2.99111447
b1895,5.911944141
b1896,7.403717204
b1897,6.566655226
b1900,2.37383057
b1901,2.447041052
b1902,6.232109314
b1904,2.319624182
b1905,7.721649096
b1906,3.672517271
b1907,4.793482466
b1908,6.581008335
b1912,7.202223998
b1913,6.466139099
b1914,7.508825209
b1915,5.657944529
b1916,4.882609164
b1917,6.352394105
b1918,6.356795306
b1919,7.423596688
b1920,9.29356269
b1921,3.066295459
b1922,3.15766432
b1923,5.152755707
b1924,2.302196292
b1925,2.898284239
b1926,2.126921099
b1927,6.978507103
b1928,7.943584436
b1929,6.943453118
b1930,6.484115688
b1931,3.609695522
b1932,5.366193861
b1936,1.683791513
b1937,3.136381122
b1938,2.473128817
b1939,2.766289847
b1940,2.015955999
b1941,2.00230911
b1942,2.004979563
b1943,2.406149452
b1944,3.342222889
b1945,3.100598382
b1946,2.326761502
b1947,2.023150224
b1948,1.35961171
b1949,1.054154388
b1950,0.799339215
b1951,3.300700968
b1952,6.167695844
b1953,5.832800954
b1955,5.501272806
b1956,4.809855734
b1957,4.362591688
b1958,4.289181271
b1959,1.221554226
b1960,4.766720247
b1961,6.344160066
b1962,6.030876173
b1963,6.189071657
b1967,7.512180001
b1968,4.939979555
b1969,5.788773031
b1970,3.673986432
b1971,5.040547685
b1972,3.752477538
b1973,2.850430765
b1974,3.496205004
b1976,6.813952846
b1978,3.022395021
b1981,5.84799769
b1982,8.140105695
b1983,7.984465904
b1985,3.087345737
b1987,5.799245901
b1988,4.725505623
b1990,5.634196905
b1991,4.022314984
b1992,2.885194142
b1993,4.336527857
b1994,7.044004139
b1996,5.677001629
b1997,6.113889247
b1999,3.428887129
b2000,4.935306638
b2001,2.571267959
b2002,2.238259467
b2003,0
b2004,0.373292174
b2005,0.828424447
b2006,4.233086891
b2007,10.29819889
b2008,5.381961609
b2009,5.414753694
b2010,3.582606226
b2011,5.835334218
b2012,7.823252147
b2013,6.724155663
b2014,8.248763713
b2015,4.050587345
b2016,7.511721229
b2017,6.891367391
b2018,7.31656371
b2019,7.611065146
b2020,7.550736388
b2021,7.591976842
b2022,7.75337595
b2023,7.001086143
b2024,7.172082099
b2025,7.672209116
b2026,7.881372044
b2027,8.787395382
b2028,4.740498808
b2029,10.12474557
b2030,7.349458703
b2032,6.865473222
b2033,7.267145955
b2034,7.496059124
b2035,6.011140757
b2036,7.552397835
b2037,6.67202248
b2038,7.378919211
b2039,8.079290167
b2040,8.214598386
b2041,8.175436605
b2042,9.248239461
b2043,3.404085327
b2044,2.448127855
b2045,2.154909316
b2046,1.14624828
b2047,1.370519198
b2048,1.631711299
b2049,1.196665903
b2050,0.862695977
b2051,1.328470096
b2052,1.636758946
b2053,1.551279322
b2054,0
b2055,0.636603561
b2056,0.423176557
b2057,0.995299859
b2058,0.720360965
b2059,0.958671515
b2060,0.88550847
b2061,0.230516714
b2062,0.761541546
b2063,5.196258347
b2064,5.89128402
b2065,7.268580473
b2066,7.277099125
b2067,4.588918135
b2068,3.790648823
b2069,4.42119209
b2070,2.195016073
b2071,1.576316558
b2072,1.028613877
b2073,1.062381178
b2074,4.265122356
b2075,3.405915776
b2076,3.075016749
b2077,2.6952724
b2078,3.008840816
b2079,6.021555931
b2080,7.977957288
b2081,6.979785646
b2082,5.006592494
b2083,2.097685991
b2085,2.764130095
b2086,5.317198084
b2088,0.540165576
b2089,1.279180285
b2091,8.678997235
b2092,9.625545469
b2093,9.709610964
b2094,10.94968247
b2095,10.69369124
b2096,10.89961001
b2097,8.535863387
b2098,2.256662751
b2099,3.097810287
b2100,2.660777276
b2101,5.178461846
b2102,4.260878255
b2103,6.801293828
b2104,7.443785677
b2105,7.178512007
b2106,6.658085256
b2107,6.796685829
b2108,0.48634473
b2109,1.107986352
b2110,0
b2111,0.852299921
b2112,6.000711652
b2113,6.946730277
b2114,8.396585425
b2115,2.626766795
b2118,2.273826985
b2119,1.386937317
b2120,1.371544173
b2121,1.143246384
b2122,1.833380077
b2123,2.338682877
b2124,5.747297369
b2125,4.834392766
b2126,3.940889277
b2127,5.469494723
b2128,4.007334804
b2129,4.195069351
b2130,4.471612584
b2131,5.939226704
b2132,6.223296904
b2133,7.771346647
b2134,6.301342743
b2135,4.337451158
b2136,5.281217359
b2137,4.538544551
b2139,0.763501736
b2140,4.439326586
b2141,3.570612083
b2142,3.58046523
b2143,4.892988714
b2144,4.963339741
b2145,4.85487101
b2146,1.990619976
b2147,2.506362125
b2148,4.122859832
b2149,4.711038388
b2150,6.656338205
b2151,2.958142551
b2152,6.214556566
b2153,10.61105202
b2154,7.78232108
b2155,7.420057478
b2156,8.801127699
b2157,5.67227671
b2158,4.310430732
b2159,6.846181076
b2160,5.303089224
b2161,1.362187393
b2162,0.829944903
b2163,1.980942494
b2164,2.527687874
b2165,1.007397875
b2166,0.908991699
b2167,4.989826786
b2168,4.493876998
b2169,4.349606482
b2170,2.756244203
b2171,7.967345194
b2172,4.014558169
b2173,4.880881646
b2174,5.581380176
b2175,9.607146166
b2176,5.026737428
b2177,4.896773096
b2178,3.868326224
b2179,3.703965449
b2180,4.609569164
b2181,8.42140596
b2182,5.716975588
b2183,7.773838073
b2184,4.491734081
b2185,11.73939438
b2186,7.338526702
b2187,8.627681667
b2188,6.720930451
b2190,3.665992466
b2192,7.17741335
b2193,5.765457813
b2194,3.377960707
b2195,3.15604973
b2196,3.495349512
b2197,4.01995278
b2198,2.664135559
b2199,3.984768949
b2200,3.137999751
b2201,4.124514862
b2202,3.451063295
b2203,2.280746444
b2204,1.282108266
b2205,1.104651936
b2206,2.62318347
b2207,1.738932087
b2208,2.155890765
b2209,5.025045651
b2210,6.500080717
b2211,6.014600113
b2212,2.824546121
b2213,4.057853463
b2214,4.241808542
b2215,12.48449931
b2216,6.842977205
b2217,8.931931499
b2218,5.372207958
b2219,2.500963453
b2220,3.569335916
b2221,0.162206096
b2222,0.823262435
b2223,0.863336183
b2224,1.376670679
b2225,1.921207619
b2226,1.845886801
b2229,1.452049899
b2230,2.451717164
b2231,8.428004712
b2232,7.43977259
b2233,3.223754512
b2234,8.160974695
b2235,8.04237363
b2236,6.89273811
b2237,5.478571823
b2238,0.693473987
b2239,4.753258956
b2240,1.918299419
b2241,0.968500252
b2242,1.373007066
b2243,1.62009996
b2244,4.843777292
b2245,2.677125265
b2246,1.645905682
b2247,0.834482491
b2248,0.880307534
b2249,5.774875575
b2250,4.4209072
b2251,4.696928905
b2252,2.080952728
b2253,4.339473011
b2254,3.530244598
b2255,3.94772733
b2256,3.059720005
b2257,2.635858227
b2258,2.235047825
b2259,5.945326044
b2260,4.882501837
b2261,6.278365715
b2262,6.627349159
b2263,3.485411153
b2264,4.611189064
b2265,6.110751755
b2266,10.80867021
b2267,6.14096608
b2268,5.57672245
b2269,1.762745089
b2270,0.97371753
b2271,1.134735446
b2272,1.712736834
b2273,1.359395845
b2274,2.547883608
b2275,3.021749849
b2276,8.127363202
b2277,7.821480792
b2278,7.143884441
b2279,5.532536826
b2280,6.573020012
b2281,6.96295478
b2282,7.35318392
b2283,8.592139069
b2284,8.071117909
b2285,8.675129152
b2286,8.964395777
b2287,9.157276367
b2288,9.034832448
b2289,6.692757466
b2290,7.102465467
b2291,5.256054048
b2292,3.264029012
b2293,7.576686234
b2294,8.870897601
b2295,6.922347048
b2296,7.996617338
b2297,7.779344604
b2298,1.164813394
b2299,7.77979287
b2300,7.379470076
b2301,5.663851522
b2302,5.197117132
b2303,8.65933343
b2304,7.637023774
b2305,3.282695992
b2306,6.51594077
b2307,6.496947016
b2308,7.094608292
b2309,9.476537894
b2310,8.592886088
b2311,6.18174665
b2312,8.757188861
b2313,8.867797371
b2314,6.826804139
b2315,6.219173125
b2316,9.255003363
b2317,5.828730246
b2318,5.372440678
b2319,6.452252511
b2320,7.628206838
b2321,5.67817701
b2322,2.844157932
b2323,8.827797813
b2324,4.594928607
b2325,7.672207445
b2326,6.704644772
b2327,6.274249947
b2328,7.137890387
b2329,8.059663364
b2330,8.049981771
b2331,6.43968462
b2332,5.648725015
b2333,1.716558169
b2334,1.017420826
b2335,0.778363603
b2336,0.632515507
b2339,0.452032068
b2340,7.737817421
b2341,4.465495019
b2342,4.374507917
b2343,6.847641427
b2344,6.541068018
b2345,2.167173082
b2346,7.789238644
b2347,4.534920646
b2349,5.032025592
b2350,6.99216178
b2351,7.562259591
b2352,6.958225217
b2354,2.97292937
b2355,0.845542181
b2356,0.341609563
b2357,0.209895655
b2358,0
b2359,2.041888242
b2360,2.166222909
b2361,0.624996066
b2362,0.898140026
b2363,1.648738898
b2364,4.084076852
b2365,1.817892921
b2366,4.261731353
b2367,1.415571349
b2368,1.405184397
b2369,8.060500858
b2370,5.484451576
b2371,1.537569621
b2372,0.977967618
b2373,1.50506193
b2374,1.704002679
b2375,1.611442297
b2376,0.806962973
b2377,5.431116038
b2378,4.41503457
b2379,5.766409166
b2380,4.079463331
b2381,5.289757586
b2382,3.707020573
b2383,1.733154835
b2384,1.319421997
b2385,1.20505178
b2386,0.671970732
b2387,0.297870379
b2388,5.526283427
b2389,3.4223205
b2390,4.426615086
b2392,5.881237365
b2393,7.508614666
b2394,6.048673175
b2395,4.447518024
b2398,6.19441035
b2399,5.28226429
b2400,8.890918118
b2405,4.129320218
b2406,2.728758351
b2407,0.887607323
b2408,2.936558616
b2409,3.895088374
b2410,5.663738356
b2411,6.055224554
b2412,8.134339944
b2413,5.850674952
b2414,11.70499185
b2415,11.61949155
b2416,10.75118018
b2417,11.01550708
b2418,6.803223705
b2419,3.504196517
b2420,4.070634771
b2421,8.001751863
b2422,8.021771846
b2423,7.226806231
b2424,7.221115726
b2425,8.440679598
b2426,5.57375282
b2427,3.202893894
b2428,3.522082512
b2429,2.824563528
b2430,2.909777859
b2431,7.300138758
b2432,5.882084999
b2433,5.250091459
b2434,6.22622696
b2435,6.887496
b2436,6.048167589
b2437,3.736208418
b2438,4.491637108
b2439,4.493062
b2440,4.742299311
b2441,4.905601814
b2442,5.880360451
b2443,4.605041266
b2444,1.78969138
b2445,1.747810125
b2446,2.904759011
b2447,3.236807721
b2448,2.519798746
b2449,6.094206347
b2450,6.548095008
b2451,1.805635632
b2452,1.918274009
b2453,1.232196343
b2454,0.431042174
b2455,0.725026646
b2456,0
b2457,3.227265297
b2458,1.500774426
b2459,0.833990797
b2460,1.346651444
b2461,0.683856676
b2462,0.291304303
b2463,6.447690822
b2464,7.994440516
b2465,7.9825975
b2466,2.895752631
b2467,6.11994787
b2468,2.55120621
b2469,3.838104799
b2470,3.004474599
b2471,6.107338605
b2472,6.480067742
b2473,5.541072946
b2474,5.274002545
b2475,6.54867094
b2476,10.17432562
b2477,8.902355443
b2478,9.537400832
b2479,8.81110726
b2480,10.28446947
b2481,0.417845511
b2482,1.058781581
b2483,0.537741721
b2484,0.445707228
b2485,1.344149696
b2486,1.587207383
b2487,2.604368988
b2488,1.971503099
b2489,1.729597701
b2490,2.210878997
b2491,1.425988097
b2492,1.900198827
b2493,5.519349
b2494,6.674487361
b2495,8.052474688
b2496,6.977567416
b2497,8.25812199
b2498,9.803173991
b2499,9.068465028
b2500,8.860221329
b2501,7.014349481
b2502,6.869612156
b2503,1.879824805
b2504,7.498529029
b2505,2.295355758
b2506,3.065487147
b2507,9.176558138
b2508,8.712927889
b2509,7.052363402
b2510,6.033732921
b2511,7.37038842
b2512,8.273849438
b2513,8.307371253
b2514,8.624386164
b2515,7.943843928
b2516,7.754110348
b2517,7.142042605
b2518,9.983157606
b2519,3.470627826
b2520,5.910078957
b2521,6.959202718
b2522,7.228441615
b2523,7.159164158
b2524,7.893544252
b2525,7.962489925
b2526,7.283535349
b2527,7.64794348
b2528,9.566110493
b2529,9.677677502
b2530,9.818839585
b2531,9.192097987
b2532,7.363220175
b2533,8.583685081
b2534,1.113922128
b2535,4.442759218
b2536,3.885537216
b2537,5.314323151
b2538,4.060944684
b2539,3.774345168
b2540,2.737263474
b2541,3.366217856
b2542,3.182113091
b2543,5.875992254
b2544,2.950372103
b2545,3.121354637
b2546,1.294899235
b2547,0.933010046
b2548,1.393374609
b2549,1.207839216
b2550,3.793044732
b2551,11.31908147
b2552,4.919511511
b2553,8.183429912
b2554,5.197327182
b2555,5.674145186
b2556,5.107828336
b2557,8.596865092
b2558,4.263061263
b2559,6.133871717
b2560,5.686747329
b2561,4.442032886
b2562,5.382005573
b2563,6.042525848
b2564,7.288624664
b2565,6.255266594
b2566,7.731149208
b2567,7.915146015
b2568,7.811529531
b2569,8.030563998
b2570,6.464165487
b2571,7.447365965
b2572,8.603370829
b2573,7.879876947
b2574,6.626013919
b2575,5.246996903
b2576,7.221364
b2577,3.861404399
b2578,2.909271971
b2579,8.291916708
b2580,6.719602981
b2581,7.124177972
b2582,6.238308383
b2583,4.713898771
b2584,5.27831918
b2585,7.64621745
b2586,3.654374942
b2587,10.24028913
b2592,7.104247339
b2593,6.505673924
b2594,7.292157462
b2595,9.33587677
b2597,10.06813319
b2598,6.626458569
b2599,8.154058055
b2600,8.00938434
b2601,9.02041637
b2602,4.004842831
b2603,5.122054383
b2604,4.048983223
b2605,5.57180436
b2606,11.53718969
b2607,11.36826523
b2608,11.32853321
b2609,11.28255007
b2610,7.816990805
b2611,6.383741422
b2614,9.127892862
b2615,6.627610308
b2616,4.880444017
b2617,9.442587369
b2618,6.243793486
b2619,7.00357921
b2620,8.791609878
b2622,6.346944253
b2623,3.675086983
b2624,2.889137887
b2625,1.425427422
b2626,0.550452468
b2627,5.396415306
b2628,5.704206588
b2629,2.50184287
b2630,6.810153506
b2631,6.377583647
b2632,2.376929125
b2633,1.212930176
b2634,0.953789015
b2635,0.38505224
b2636,1.477486985
b2637,2.573394367
b2638,4.143901204
b2641,3.553928369
b2642,4.585916489
b2643,0
b2644,0.67623919
b2645,0.681738133
b2646,2.298495838
b2647,2.952416382
b2648,0.381312973
b2649,1.337873981
b2650,0.512751457
b2659,5.251347798
b2660,5.266369603
b2661,5.819822111
b2662,5.975233789
b2663,3.989500311
b2664,4.88101924
b2665,9.029402423
b2666,6.586402588
b2667,4.283958976
b2668,4.523203125
b2669,9.98419378
b2670,0.939966597
b2671,4.932829713
b2672,8.978816167
b2673,6.384154465
b2674,6.251345445
b2675,5.605688982
b2676,5.079752882
b2677,6.017519664
b2678,5.54819456
b2679,6.251667694
b2681,1.676308076
b2682,7.423282154
b2683,6.950826828
b2684,8.986696327
b2685,6.434798144
b2686,4.755135049
b2687,9.633792326
b2688,8.194508445
b2689,6.589038463
b2690,7.220066267
b2696,10.09225558
b2697,9.232508805
b2698,3.029099856
b2699,8.602298644
b2700,6.101900385
b2701,5.465119224
b2702,2.036347905
b2703,2.00714999
b2704,2.162521754
b2705,2.95159198
b2706,3.033039244
b2707,5.25178301
b2708,5.442066752
b2709,4.078830306
b2710,2.829621486
b2711,2.302068712
b2712,2.910361948
b2713,1.972672009
b2714,4.053477677
b2715,2.673117494
b2716,3.536391518
b2717,5.298938554
b2718,3.880637112
b2719,2.905673166
b2720,2.022636721
b2721,1.395511054
b2722,0.994003694
b2723,0.926017218
b2724,0.891668726
b2725,0.534895643
b2726,1.798739163
b2727,3.918605647
b2728,3.004906798
b2729,3.979719297
b2730,4.193586972
b2731,4.159212656
b2732,3.815601045
b2733,5.666016196
b2734,2.537542933
b2735,4.98470297
b2736,1.764061603
b2737,2.295437828
b2738,1.954503799
b2739,2.919257848
b2740,2.157452152
b2741,9.702097558
b2742,7.454752176
b2743,6.611923118
b2744,7.089674109
b2745,6.936911095
b2746,6.465356352
b2747,6.841884531
b2748,7.203936314
b2749,5.774718688
b2750,6.284540364
b2751,8.114208153
b2752,9.160643015
b2753,5.040853081
b2754,3.953537128
b2755,4.021542532
b2756,4.038749575
b2757,3.550919832
b2758,2.666624955
b2759,3.228444477
b2760,1.327720602
b2761,1.911851577
b2762,8.355216093
b2763,8.823310006
b2764,9.036338026
b2765,6.504923621
b2766,2.837899766
b2767,2.012723948
b2768,2.181501672
b2769,2.04155274
b2770,1.410552075
b2771,0.915892992
b2774,0.721828631
b2775,0.54185239
b2776,1.787214142
b2777,3.719499378
b2778,0.878588607
b2779,11.08549396
b2780,8.888212959
b2781,6.240718822
b2782,6.349051848
b2783,6.119602
b2784,6.826022445
b2785,5.001455478
b2786,5.240426101
b2787,3.10707413
b2788,1.363094423
b2789,1.138258522
b2790,6.831359952
b2791,5.31635186
b2792,5.255591105
b2793,6.850874652
b2794,6.365687732
b2795,7.470070915
b2796,5.581349588
b2797,4.545926857
b2798,4.518272348
b2799,3.569806373
b2800,2.192461482
b2801,0.836084161
b2802,2.644706165
b2803,3.270466798
b2804,6.663673544
b2805,5.443662037
b2806,6.19342677
b2807,5.060001469
b2808,5.564607063
b2809,7.000157689
b2810,5.652906795
b2811,5.844919603
b2812,6.102138465
b2813,6.925308954
b2817,5.748316364
b2818,9.119365551
b2819,4.911782183
b2820,5.523571962
b2821,5.064549095
b2822,5.156933237
b2823,4.042861218
b2824,2.935283655
b2825,2.639906801
b2826,1.324769897
b2827,7.640350377
b2828,6.81289769
b2829,7.115843577
b2830,8.198568628
b2831,4.701616704
b2832,5.456448558
b2833,6.241427392
b2834,7.930078082
b2835,4.620067881
b2836,5.596639288
b2837,5.286540407
b2838,6.079208256
b2839,4.256192469
b2840,5.74467201
b2841,3.61539904
b2842,2.742692034
b2843,1.932083747
b2844,5.91098903
b2845,2.622133617
b2846,1.711652357
b2847,2.813001574
b2848,1.829746766
b2849,0.572012969
b2850,0.881693665
b2851,0.879171258
b2852,0.926427357
b2853,0.409167943
b2854,0.291155087
b2855,0.230516877
b2856,0
b2858,1.721447627
b2859,2.007035708
b2860,5.51915796
b2861,5.996234973
b2862,2.598243616
b2863,3.648884137
b2865,6.001462946
b2866,2.672912065
b2867,2.498975811
b2868,2.694452011
b2869,2.945590933
b2870,0.735988041
b2871,1.14647115
b2872,2.162682813
b2873,1.629280963
b2874,3.420551727
b2875,2.299271672
b2876,1.648721114
b2877,3.270647622
b2878,1.347403116
b2879,1.177379016
b2880,2.138795609
b2881,2.376449175
b2882,1.805590917
b2883,4.11096489
b2886,2.543316516
b2887,1.62925468
b2888,0.542456541
b2889,5.664513824
b2890,9.290608865
b2891,9.337050733
b2892,6.623234624
b2893,7.100195736
b2894,6.013590622
b2895,7.115065365
b2896,6.882286617
b2897,7.573151682
b2898,8.339307937
b2899,5.839373813
b2900,6.791717498
b2901,6.964474047
b2902,4.181187033
b2903,6.322828516
b2904,8.265423577
b2905,7.494756624
b2906,6.18694988
b2907,6.453333965
b2908,7.893758374
b2909,8.082487952
b2910,9.088640871
b2912,6.053410928
b2913,11.12094481
b2914,9.065233703
b2915,2.936532109
b2916,7.093290376
b2917,1.478183726
b2918,1.408745534
b2919,2.008577178
b2920,2.128763884
b2921,3.318402245
b2922,8.167121764
b2923,5.220783373
b2924,9.278026285
b2925,10.76361326
b2926,10.28829808
b2927,7.980472012
b2928,5.865137799
b2929,6.105468685
b2930,1.248730808
b2933,0.96124471
b2934,0.552823226
b2935,9.544609146
b2936,6.285123909
b2937,6.547591987
b2938,8.354769051
b2939,7.236276178
b2940,2.38873157
b2941,0.609177069
b2942,10.37907184
b2943,5.567029036
b2944,4.773699411
b2945,2.911769307
b2946,6.34426314
b2947,7.151228944
b2948,7.932359267
b2949,7.034335098
b2950,0.784727826
b2951,6.698933848
b2952,6.692016919
b2953,6.325117496
b2954,7.099535468
b2955,6.383469698
b2956,1.68993604
b2957,2.969230766
b2958,4.698228912
b2959,8.703943217
b2960,7.365261479
b2961,6.35304562
b2962,8.088138742
b2963,6.252291029
b2964,4.328485281
b2965,5.812044976
b2966,3.407217186
b2968,3.140414064
b2969,1.760966308
b2970,3.218417457
b2971,5.082287669
b2972,5.048420591
b2975,3.427612081
b2976,5.676873044
b2977,5.434006289
b2979,3.303333483
b2980,5.997961207
b2981,1.604124735
b2982,2.465018911
b2983,1.355358804
b2984,0.732879942
b2985,1.200849785
b2986,0.879218898
b2987,1.662731504
b2988,7.210902083
b2989,7.371264441
b2990,4.510298864
b2991,3.797561455
b2992,4.897964816
b2993,5.425133405
b2994,4.218449247
b2995,2.240821587
b2996,2.527937519
b2997,3.43437863
b2998,2.652280148
b3001,4.70315529
b3002,8.018728434
b3003,5.909500335
b3005,8.356529477
b3006,8.606542131
b3008,7.294521851
b3009,6.257162173
b3010,4.499882564
b3011,6.170821101
b3012,7.050921449
b3013,2.63702917
b3014,2.025284145
b3017,6.804047079
b3018,6.572152327
b3019,6.700701536
b3020,4.725946968
b3021,6.404711591
b3022,6.292504185
b3023,5.147064435
b3024,8.450131069
b3025,3.985568229
b3026,4.151176962
b3027,1.163062796
b3028,6.78243089
b3029,8.553110686
b3030,6.784751834
b3031,6.666207028
b3032,7.321804082
b3033,7.075543311
b3034,6.594097967
b3035,9.225440616
b3036,5.292563534
b3037,8.219346273
b3038,7.818270364
b3039,3.811087685
b3040,6.267181978
b3041,7.896382501
b3042,9.113973954
b3043,2.550028077
b3044,0
b3045,0.661794754
b3046,1.74244878
b3047,1.10699556
b3048,1.644847617
b3049,6.971052455
b3050,1.864186475
b3051,1.757548391
b3052,6.079632895
b3053,5.623240923
b3054,5.184842124
b3055,6.913146649
b3056,6.806683434
b3057,6.035377714
b3058,5.085575529
b3059,5.936656796
b3060,1.611917177
b3061,1.157966025
b3062,0.434981051
b3063,0.766604116
b3064,6.435351967
b3065,13.00763506
b3066,7.748511685
b3067,8.820229789
b3068,7.17974343
b3070,6.337279572
b3071,6.191149999
b3072,3.580672251
b3073,7.987224359
b3074,0.905595581
b3075,5.290832653
b3076,1.446402528
b3077,0.767055472
b3078,0.54638316
b3079,0.487651971
b3080,1.209764579
b3081,3.114526771
b3082,4.334715409
b3083,3.315335808
b3084,4.803108981
b3085,5.248635525
b3086,1.357967698
b3087,5.779835559
b3088,3.612724111
b3089,7.331982531
b3090,2.727149537
b3091,3.412894953
b3092,4.518304555
b3093,3.744482529
b3094,6.997690162
b3095,6.579636449
b3096,6.263933518
b3097,9.137982912
b3098,9.286577896
b3099,8.980953588
b3100,9.148611763
b3101,3.651395426
b3102,5.589031072
b3103,7.131107199
b3104,2.329339329
b3105,5.874651752
b3106,3.037737789
b3107,6.22117435
b3110,1.917852036
b3113,2.278856299
b3114,2.292200024
b3115,1.863445136
b3116,3.009016689
b3117,0.61635464
b3118,1.218417149
b3119,0
b3120,0.469107946
b3121,0.637785884
b3124,3.731961548
b3125,3.210010794
b3126,1.580506742
b3127,0.292918009
b3128,3.231668154
b3129,6.129236863
b3130,6.525203723
b3131,6.503764875
b3132,1.542723033
b3133,2.385940074
b3134,1.831030527
b3135,2.333703661
b3136,0.764314285
b3137,0.45841443
b3138,1.035670328
b3139,0.584192193
b3140,1.066590208
b3141,2.041605727
b3142,2.214847455
b3143,0.673658764
b3144,2.252258603
b3145,2.585991637
b3146,6.364254516
b3147,6.895935604
b3148,6.071133083
b3149,7.075112959
b3150,7.132577006
b3151,5.480932666
b3152,3.823181869
b3153,3.357474752
b3154,4.624801722
b3155,4.675327884
b3156,6.676452305
b3157,7.29050121
b3158,1.570008467
b3159,2.276288216
b3160,6.119720331
b3161,4.180195664
b3162,7.674005124
b3163,9.549142785
b3164,9.781465443
b3165,11.44557211
b3166,7.104449663
b3167,7.539630369
b3168,9.165083596
b3169,8.721287206
b3170,8.379005297
b3172,9.762429235
b3173,2.292090581
b3175,11.32760733
b3176,7.940541272
b3177,6.572706184
b3178,8.917195465
b3179,8.203374847
b3180,9.324950849
b3181,7.788843711
b3182,5.679350121
b3183,6.602281811
b3184,6.268434599
b3185,11.23061883
b3186,11.53192305
b3187,8.617667917
b3188,4.362587927
b3189,7.911492977
b3190,7.873645503
b3191,7.180919171
b3192,8.031532783
b3193,6.936715992
b3194,6.389724983
b3195,7.145946379
b3196,5.335791876
b3197,7.023273576
b3198,7.123805531
b3199,7.414477894
b3200,7.950566512
b3201,7.612030531
b3202,8.309472641
b3203,9.035193048
b3204,8.374706505
b3205,8.254927608
b3206,6.63159546
b3207,9.032797784
b3208,4.757570679
b3209,6.696790314
b3210,5.632436038
b3211,2.336513511
b3212,10.92493799
b3213,10.66335567
b3214,5.65554458
b3215,2.394401877
b3216,2.87279777
b3218,7.199969301
b3219,5.114700859
b3220,3.508540296
b3221,4.385243048
b3222,4.021662497
b3223,2.778437263
b3224,2.365420564
b3225,3.625077457
b3226,6.394226393
b3227,0.761315932
b3228,8.69755643
b3229,9.500171926
b3230,12.14284448
b3231,12.22952626
b3232,6.025933524
b3233,8.598371758
b3234,5.571560891
b3235,6.266552454
b3236,11.34588675
b3237,8.001442575
b3238,5.160994066
b3239,5.787948494
b3240,2.15411409
b3241,2.896867562
b3242,2.395402379
b3243,5.778972814
b3244,7.036402664
b3247,7.187869267
b3248,6.821472673
b3249,6.253309969
b3250,7.14646101
b3251,9.060821389
b3252,5.406737541
b3253,5.566121832
b3255,10.10387101
b3256,9.253259845
b3257,4.522070405
b3258,4.573684936
b3259,6.549371498
b3260,9.345847365
b3261,9.506121867
b3262,3.22117421
b3263,4.255339
b3264,0.40633638
b3265,1.093710114
b3266,2.502258419
b3267,4.049036661
b3268,4.310455256
b3269,1.814324862
b3270,1.688739977
b3271,3.472313167
b3279,7.614869277
b3280,5.013763376
b3281,5.348721581
b3282,6.373936505
b3283,7.585587296
b3284,7.93587721
b3287,8.724690672
b3288,7.80221818
b3289,6.431576406
b3290,6.535438725
b3291,8.687826619
b3292,5.307086879
b3293,5.413612547
b3294,12.1941543
b3295,12.55989345
b3296,12.63537719
b3297,12.37309983
b3298,12.50849453
b3299,11.30239622
b3300,11.72815599
b3301,12.08538341
b3302,11.48617485
b3303,11.76679695
b3304,11.74620219
b3305,11.86043647
b3306,11.97194113
b3307,12.31940005
b3308,12.53254432
b3309,12.35321043
b3310,12.33606528
b3311,11.8170877
b3312,11.88741238
b3313,12.35749711
b3314,12.01642878
b3315,12.34286785
b3316,12.20772749
b3317,11.86727768
b3318,11.93197141
b3319,11.86946436
b3320,12.34824636
b3321,13.01453647
b3322,4.334454518
b3323,1.395947489
b3324,2.795489434
b3325,2.942434343
b3326,2.423232363
b3327,2.07235894
b3328,1.408572341
b3329,1.822210371
b3330,1.398050856
b3331,1.231254787
b3332,1.287031616
b3333,1.796040335
b3334,2.759712016
b3335,1.769650753
b3336,8.445659604
b3337,7.211044306
b3338,3.831973342
b3339,13.86556392
b3340,12.50269664
b3341,12.28445209
b3342,12.57854902
b3343,5.839543794
b3344,6.004270635
b3345,6.745275253
b3346,7.547870357
b3347,8.684031698
b3348,6.513086341
b3349,10.14848921
b3350,4.757210871
b3351,4.987868713
b3352,6.675334651
b3353,5.762257109
b3354,5.516935128
b3355,6.399709509
b3356,7.889579036
b3357,9.852476477
b3358,5.419311452
b3359,8.266453691
b3360,4.351720071
b3361,5.904403091
b3362,5.515322786
b3363,7.961044272
b3364,5.310982482
b3365,1.963933937
b3366,1.213002433
b3367,3.347778799
b3368,5.2652027
b3369,2.015410264
b3370,0.314046924
b3371,2.166819661
b3374,2.870790172
b3375,5.995050901
b3376,2.035106438
b3377,1.918928896
b3378,2.164145232
b3379,1.510113238
b3380,1.07053201
b3381,0.853782512
b3382,3.158248651
b3383,3.660331007
b3384,7.927721711
b3385,7.16040376
b3386,7.690393394
b3387,6.764186198
b3388,8.773283284
b3389,8.42551144
b3390,9.392736752
b3391,2.164012687
b3392,1.449841767
b3393,1.090964991
b3394,0.946774024
b3395,2.016890591
b3396,5.319914455
b3397,7.569431597
b3398,5.578148058
b3399,6.508594789
b3400,6.931962506
b3401,6.969984736
b3402,3.929633927
b3403,7.148599272
b3404,5.530635445
b3405,7.328796362
b3406,6.191870703
b3407,7.22512801
b3408,6.056111575
b3409,5.875185168
b3410,5.223544341
b3411,3.203972676
b3412,5.126077533
b3413,5.974454979
b3414,9.536585242
b3415,4.235759784
b3416,6.312775036
b3417,6.826966554
b3418,7.720258497
b3421,3.584260716
b3422,2.654838679
b3423,6.679544869
b3424,6.341886941
b3425,6.726118957
b3426,4.263170073
b3427,4.870481737
b3428,7.763571106
b3429,7.888589534
b3430,8.345473152
b3431,7.130102675
b3432,8.243197796
b3433,10.3096645
b3434,4.694612876
b3437,3.541691485
b3438,7.155956248
b3439,4.950033759
b3440,7.107415776
b3441,5.257082106
b3442,0.525347713
b3443,0.799762482
b3444,0.341609338
b3445,0
b3446,2.814502791
b3447,6.605028643
b3448,5.99841039
b3449,6.150138191
b3450,5.503797905
b3451,4.106327004
b3452,3.929464965
b3453,6.14663533
b3454,8.068566098
b3455,8.069043097
b3456,7.595468488
b3457,7.262441358
b3458,9.19928753
b3459,5.099260748
b3460,10.01181245
b3461,8.505336153
b3462,6.15991834
b3463,6.376941501
b3464,6.392887406
b3465,5.935370959
b3466,5.406428713
b3467,6.371867172
b3468,6.311628457
b3469,4.694576986
b3470,6.851726828
b3471,5.420783076
b3472,8.565379633
b3473,4.485185427
b3474,3.423423526
b3475,6.204918144
b3476,1.022870892
b3477,0.626487533
b3478,0.613923639
b3479,1.36832138
b3480,1.800198645
b3481,5.687627938
b3482,2.084515556
b3483,0.451796756
b3484,1.016262005
b3485,5.570258526
b3486,6.079976987
b3487,6.248821501
b3488,2.478171118
b3491,3.353731061
b3492,5.151122679
b3493,6.982246944
b3494,6.999082963
b3495,11.35573153
b3496,3.860935068
b3497,4.916194912
b3498,7.060072487
b3499,6.318566322
b3500,7.320125394
b3501,2.818523985
b3502,2.635677288
b3503,4.349923112
b3504,0.745350537
b3505,7.143434087
b3506,7.955483408
b3507,3.879923093
b3508,5.270671377
b3509,9.999437835
b3510,10.71633499
b3511,7.860819533
b3512,7.303250722
b3513,4.886033253
b3514,4.277320819
b3515,6.959347213
b3516,7.999722045
b3517,7.777612136
b3518,2.558698847
b3519,5.811545989
b3520,3.349776617
b3521,4.245145097
b3522,5.965155301
b3523,9.040696084
b3524,4.815278505
b3525,1.384059998
b3526,6.039957559
b3527,5.313943373
b3528,5.828962689
b3529,4.533948292
b3530,4.033494741
b3531,3.215723668
b3532,3.284296154
b3533,2.473414754
b3534,4.809332751
b3535,6.345232046
b3536,7.005041571
b3537,6.076167917
b3538,5.943596872
b3539,4.159506329
b3540,6.905334509
b3541,6.55711639
b3542,5.691077444
b3543,5.991316544
b3544,9.813299143
b3546,4.148057824
b3547,1.751791541
b3548,6.152917263
b3549,6.182336669
b3550,5.136558462
b3551,5.788838223
b3552,4.595108024
b3553,8.573415327
b3554,8.167620788
b3555,8.928201614
b3556,11.29227947
b3557,3.2010471
b3558,1.824634519
b3559,8.615507137
b3560,9.15484911
b3561,3.059863331
b3562,1.832468125
b3563,0.491893686
b3564,2.444848156
b3565,3.641941141
b3566,1.669668115
b3567,1.624881027
b3568,2.295594382
b3569,4.621211803
b3570,8.004498743
b3571,3.236814674
b3572,8.518684768
b3573,3.849276868
b3574,6.526869998
b3575,1.163062278
b3576,0.910495872
b3577,0
b3578,0.296573614
b3579,0.592137353
b3580,1.410710097
b3581,1.665772541
b3582,2.152797004
b3583,3.133547266
b3584,2.046168352
b3585,3.595480552
b3586,1.229216951
b3587,0.864694129
b3588,3.108218028
b3589,0.239480864
b3590,6.146369995
b3591,6.058889687
b3592,6.845851598
b3593,1.963605748
b3594,3.592757188
b3595,3.039020272
b3596,1.174876925
b3597,2.547404016
b3598,3.68112737
b3599,5.790945359
b3600,6.600124014
b3601,6.411482316
b3602,7.88144769
b3603,4.450780219
b3604,4.042434495
b3605,5.234694459
b3606,4.920557843
b3607,7.893170143
b3608,8.007263777
b3609,9.684283013
b3610,9.152886216
b3611,8.417568347
b3612,8.57335784
b3613,7.059575657
b3614,5.776979181
b3615,0.441157562
b3616,5.875979208
b3617,5.431202
b3618,5.754356464
b3619,8.939424786
b3620,7.396872015
b3621,5.953044962
b3622,6.352353291
b3623,5.793051471
b3624,5.163901286
b3625,5.790992578
b3626,5.399587476
b3627,5.667407943
b3628,5.381064035
b3629,5.521104722
b3630,5.658884061
b3631,5.93662875
b3632,6.077953386
b3633,7.067109942
b3634,6.000627894
b3635,4.205302932
b3636,11.47480301
b3637,12.75266463
b3638,7.244779971
b3639,7.161915975
b3640,8.763019881
b3641,7.713616446
b3642,3.982242457
b3643,7.154285817
b3644,7.710516457
b3645,2.911715863
b3646,2.835034526
b3647,2.269348604
b3648,8.259240465
b3649,9.142521946
b3650,8.312944722
b3651,7.106859346
b3652,6.316946503
b3653,5.170910365
b3654,7.799440709
b3655,6.110451802
b3656,2.723795943
b3657,1.138314466
b3659,1.032777006
b3660,4.955882386
b3661,8.105649226
b3662,4.293907381
b3663,4.530691844
b3664,1.301371622
b3665,3.750729773
b3666,0.95974387
b3667,3.683604097
b3668,3.964170853
b3669,7.241475529
b3670,8.334614973
b3671,8.806533591
b3672,9.616553797
b3673,1.096818552
b3674,2.897879675
b3675,4.239370934
b3676,4.408710538
b3677,4.174067261
b3678,1.833262137
b3679,1.058645042
b3680,2.773146669
b3681,2.371283712
b3682,1.1849624
b3683,0.563678126
b3684,2.221636297
b3685,5.212270941
b3686,3.329670991
b3687,6.553851573
b3688,7.495808449
b3689,5.011302131
b3690,2.111950656
b3691,1.90195304
b3693,3.112776361
b3696,3.713111022
b3697,7.391974477
b3698,6.210012887
b3699,7.547723818
b3700,5.487378738
b3701,7.566532931
b3702,8.022488011
b3703,10.75751402
b3704,10.27778902
b3705,9.053699563
b3706,6.302042314
b3707,3.392180375
b3708,2.954685905
b3709,0.668335045
b3710,2.715409002
b3711,4.354746719
b3712,5.821261337
b3713,6.553054211
b3714,7.933768432
b3715,5.341216161
b3716,3.457243482
b3717,4.238537956
b3718,2.485333012
b3719,1.494342982
b3720,1.117394768
b3721,1.045052806
b3722,0.767315782
b3723,0.676650473
b3724,6.401201832
b3725,6.741638894
b3726,5.575506061
b3727,5.381403946
b3728,6.908357413
b3729,9.294151602
b3730,8.792493296
b3731,10.9230161
b3732,10.91993352
b3733,10.92720386
b3734,11.0835441
b3735,11.13214158
b3736,11.23753577
b3737,11.11927656
b3738,10.37280718
b3739,8.94826518
b3740,5.96472178
b3741,7.112374285
b3742,8.847698046
b3743,5.275226843
b3744,5.654469634
b3745,5.04203689
b3746,5.490121943
b3747,5.198148479
b3748,6.66294528
b3749,4.840299946
b3750,5.663288891
b3751,7.303574822
b3752,6.108370456
b3753,4.066171732
b3754,3.690025881
b3755,6.712332326
b3764,9.935250627
b3765,2.276351383
b3766,10.712777
b3769,6.155711231
b3770,8.283675017
b3771,6.891575315
b3772,6.49005775
b3773,3.489639777
b3774,11.69122919
b3775,7.853384563
b3777,4.527389382
b3778,5.738425757
b3779,7.433108988
b3780,8.786133622
b3781,10.59265842
b3782,9.696793418
b3783,9.839264581
b3784,7.243312193
b3785,6.700962435
b3786,6.93693252
b3787,6.519026734
b3788,6.163702472
b3789,5.890584621
b3790,5.551040835
b3791,6.224990657
b3792,4.771688002
b3793,4.183251694
b3794,5.428781773
b3795,6.481433888
b3800,1.914004071
b3801,2.962054244
b3802,6.968054182
b3803,6.79338436
b3804,6.425275371
b3805,7.280418037
b3806,8.290987548
b3807,6.645137287
b3808,2.230050487
b3809,6.609920007
b3810,6.288079244
b3811,6.946866033
b3812,6.696524249
b3813,6.30611493
b3816,6.987799645
b3817,2.832176098
b3818,0.818490467
b3819,4.637171403
b3820,6.905397964
b3821,6.61310799
b3822,6.101036906
b3823,6.420101818
b3824,5.808459642
b3825,6.774517971
b3826,6.308099842
b3827,4.39864944
b3828,6.527728665
b3829,12.14854118
b3830,7.605615994
b3831,8.150184939
b3832,4.00992906
b3833,8.232588666
b3834,7.086459611
b3835,6.107478132
b3836,8.484506827
b3838,8.622530964
b3839,7.412250862
b3842,6.301644849
b3843,7.354435251
b3844,7.596781492
b3845,4.765238492
b3846,4.611428135
b3847,7.701236614
b3848,6.00997721
b3849,5.772616087
b3850,6.549092711
b3856,4.579681895
b3857,5.266728824
b3858,7.176070677
b3859,7.116637359
b3860,9.001263364
b3861,1.545870074
b3862,4.180444851
b3863,6.670122124
b3865,7.194804712
b3866,8.182251885
b3867,7.181422854
b3868,6.725523015
b3869,7.2561302
b3870,11.18342327
b3871,9.797906936
b3872,3.713978909
b3873,3.732789503
b3874,1.713719985
b3875,0.813247776
b3876,1.164429293
b3877,1.19835981
b3878,0.869029244
b3879,1.525249032
b3880,2.663659862
b3881,2.030791917
b3882,1.344877023
b3883,2.609000358
b3884,5.615406072
b3885,6.164954704
b3886,5.448254911
b3887,6.6133344
b3888,6.188948234
b3889,0.857759482
b3890,3.8011055
b3891,6.876252491
b3892,5.223355717
b3893,4.733778461
b3894,6.857235766
b3895,5.440961597
b3896,2.078214932
b3897,1.439240036
b3898,2.569007676
b3899,1.284918904
b3900,0.944571477
b3901,0.99303326
b3902,1.503738868
b3903,1.315442268
b3904,0.941044309
b3905,2.226677481
b3906,1.35930584
b3907,2.739070513
b3908,11.52913812
b3909,2.970902514
b3910,5.862638129
b3911,6.778891327
b3912,8.11516967
b3915,6.95565715
b3916,8.812115161
b3917,6.348588569
b3918,4.799292768
b3919,10.41842024
b3920,6.332213453
b3921,4.927521389
b3922,7.124814609
b3923,7.456275178
b3924,7.306932415
b3925,5.753785139
b3926,4.600234274
b3927,2.491886295
b3928,9.916346239
b3929,8.432829123
b3930,5.287970755
b3931,7.890994245
b3932,7.150633141
b3933,7.421609858
b3934,6.316742565
b3935,5.323445512
b3936,10.88503622
b3937,5.505057813
b3938,8.820414259
b3939,7.40743781
b3940,7.115318538
b3941,9.117478423
b3942,8.269836047
b3943,3.608145558
b3944,1.404277088
b3945,3.910460271
b3946,2.816356557
b3947,1.292300565
b3949,0.902456861
b3950,0.930455987
b3951,2.208993194
b3952,1.604803178
b3953,1.878472291
b3954,5.01970243
b3955,7.284071496
b3956,9.918419287
b3957,8.183665263
b3958,8.465761083
b3959,7.914081177
b3960,8.193178954
b3961,7.834021947
b3962,8.135282231
b3963,7.353152536
b3964,6.88532463
b3965,7.101770579
b3966,6.668891155
b3967,6.649369728
b3972,6.549722889
b3973,5.517011366
b3974,6.801577956
b3980,10.67123774
b3981,9.408694877
b3982,9.680470009
b3983,11.90480058
b3984,12.08185309
b3985,13.19386212
b3986,12.92237439
b3987,9.997433254
b3988,9.96612231
b3989,4.182209225
b3990,8.732637036
b3991,8.818518526
b3992,8.668546923
b3993,8.841713526
b3994,9.627115454
b3995,8.109042003
b3996,6.553507167
b3997,7.060991849
b3998,6.582112364
b3999,7.277785283
b4000,11.26732815
b4001,5.802467282
b4002,2.511748338
b4003,2.33204696
b4004,2.487316553
b4005,8.261547843
b4006,8.684771008
b4011,1.772333411
b4012,4.347141804
b4013,8.837725794
b4014,11.24747443
b4015,11.37597126
b4016,8.376588786
b4017,1.326362176
b4018,7.250947728
b4019,7.863150788
b4020,5.199870495
b4021,4.050618283
b4022,6.487488774
b4023,7.5680166
b4024,9.975883437
b4025,9.32308013
b4026,4.506924934
b4027,1.462898697
b4028,1.0523282
b4029,2.849249647
b4030,5.555347766
b4031,1.622735549
b4032,4.177228316
b4033,4.732289471
b4034,7.186840309
b4035,5.428241837
b4036,6.304824052
b4037,5.949316743
b4038,0.360393881
b4039,6.802517279
b4040,5.850392936
b4041,7.209430165
b4042,7.097628065
b4043,7.387894702
b4044,3.577198095
b4045,5.185851982
b4046,6.339224491
b4047,0
b4048,1.000957161
b4049,6.091468683
b4050,2.579861343
b4051,6.629084171
b4052,7.398787023
b4053,6.393683817
b4054,8.480284649
b4055,4.058363699
b4056,6.988093987
b4057,6.398541101
b4058,6.493075012
b4059,8.211230207
b4060,5.499852611
b4061,4.043111449
b4062,6.550050657
b4063,3.705448797
b4064,6.681583741
b4065,5.313996338
b4066,0.536614152
b4067,4.427480805
b4068,5.267433353
b4069,6.959100576
b4070,3.058426629
b4071,1.740988926
b4072,1.268334546
b4073,1.256552881
b4074,0.977022993
b4075,1.053452867
b4076,1.356986804
b4077,4.919582074
b4078,6.82467504
b4079,3.418682309
b4080,1.140879129
b4081,0.852969159
b4082,0.264842358
b4083,0.862774035
b4084,2.842775848
b4085,2.179027259
b4086,0.805303046
b4087,0.744216451
b4088,2.824892039
b4089,5.683249882
b4090,3.07248715
b4092,4.671968565
b4093,4.770341065
b4094,2.707909127
b4095,0.915367748
b4096,0.158356309
b4097,0.263295991
b4098,0.427080659
b4099,0.863409543
b4100,0.181318943
b4101,0.226585892
b4102,0.527582193
b4105,1.130812145
b4106,0.442804667
b4107,5.524440234
b4108,7.29211248
b4109,3.497202543
b4110,2.567168498
b4111,7.903414325
b4112,4.3860188
b4113,5.443452185
b4114,2.536801453
b4115,1.827842295
b4116,2.145257046
b4117,2.051958462
b4118,4.323972125
b4119,3.198662968
b4120,2.84539967
b4121,4.564106055
b4122,2.75027287
b4123,1.324146142
b4124,5.55367739
b4125,5.035015275
b4126,4.829905285
b4127,5.787948494
b4128,2.491108495
b4129,6.19541557
b4130,2.853646496
b4131,0.979108068
b4132,0.614640178
b4133,2.313286794
b4135,7.743252713
b4136,5.733280923
b4137,6.401785887
b4138,8.075587657
b4139,5.802702971
b4140,4.547873715
b4141,5.17667875
b4142,10.00804451
b4143,10.17294646
b4144,8.758386075
b4145,3.016398557
b4146,6.653477059
b4147,10.12416225
b4148,5.403603775
b4149,6.412589688
b4150,5.086592291
b4151,4.644380834
b4152,4.317057222
b4153,4.904279682
b4154,5.562484605
b4155,5.128020232
b4156,1.479582252
b4157,1.911447743
b4158,2.265730484
b4159,4.827032723
b4160,7.397515391
b4161,7.403571449
b4162,6.908931842
b4166,5.343990325
b4167,6.20581898
b4168,6.358506962
b4169,5.990108369
b4170,6.19344269
b4171,8.852991603
b4172,10.45296111
b4173,8.466683091
b4174,8.857149114
b4175,8.765254866
b4176,4.048113927
b4177,10.40738144
b4178,5.531808418
b4179,6.828710748
b4180,6.690286035
b4181,0.436604368
b4182,1.521853732
b4183,1.356966241
b4184,0.790104492
b4185,1.020444651
b4186,1.260649539
b4187,5.22646821
b4188,4.281549372
b4189,5.224845318
b4190,4.959738145
b4191,5.351829777
b4192,2.584835495
b4193,1.297711249
b4194,1.911379502
b4195,2.378419519
b4196,3.525101755
b4197,2.532753149
b4198,3.17058984
b4199,3.045992357
b4200,12.59372111
b4201,11.43574842
b4202,11.46060587
b4203,11.525152
b4204,2.16639147
b4205,1.196255207
b4206,7.153641427
b4207,8.492076372
b4208,7.282069638
b4209,1.854373739
b4210,4.330913618
b4211,4.404306576
b4212,4.413559914
b4213,5.38618149
b4214,6.03474107
b4215,0.947831016
b4216,3.847116925
b4217,6.899577481
b4218,5.286272406
b4219,7.291853214
b4220,6.309764791
b4221,5.701822962
b4222,8.243746623
b4223,2.23579742
b4224,4.832264041
b4225,4.841593509
b4226,11.15146477
b4227,4.100401651
b4230,1.680895813
b4231,2.64968076
b4232,8.358566366
b4233,7.255190335
b4234,7.500053143
b4235,6.856431886
b4237,3.442616697
b4238,4.419615876
b4239,2.658140229
b4240,2.666336535
b4241,5.25731751
b4242,4.822885929
b4243,11.69341016
b4244,11.60986296
b4245,11.83509624
b4246,8.445108355
b4248,5.750277984
b4249,2.847142218
b4251,4.517512484
b4252,6.918026254
b4253,2.964701835
b4254,8.425599703
b4255,9.834881708
b4256,5.980632874
b4257,1.057081384
b4258,8.629860795
b4259,7.788357553
b4260,8.48857672
b4261,5.828664838
b4262,6.231759521
b4263,5.236515514
b4264,5.34223079
b4265,3.39462322
b4266,2.369242246
b4267,2.175403818
b4268,2.574838192
b4269,5.631333478
b4271,5.089430851
b4272,1.821167727
b4273,1.700092826
b4277,1.007106898
b4278,4.626739747
b4279,3.004206825
b4280,4.106246952
b4281,3.579625265
b4282,2.476154549
b4284,6.128223322
b4286,1.205737191
b4287,4.170507186
b4288,3.435146919
b4289,2.7289467
b4290,4.488454869
b4291,4.129425197
b4292,5.717731672
b4293,6.967691671
b4294,4.94450049
b4295,6.911611286
b4296,1.501176304
b4297,2.736083376
b4298,1.504333109
b4299,1.400250578
b4300,3.290012593
b4301,3.278593316
b4302,4.049249089
b4303,2.173873248
b4304,2.126536633
b4305,1.969921462
b4306,2.655850589
b4307,2.455281833
b4308,2.166374103
b4309,2.862822275
b4310,4.092638352
b4311,2.09442568
b4312,6.846334799
b4313,2.293783687
b4314,9.115774707
b4315,5.342091677
b4316,4.14809425
b4317,2.680416487
b4318,2.46035242
b4319,3.093562611
b4320,3.880472389
b4321,2.478566736
b4322,4.552123677
b4323,3.939489401
b4324,5.852665128
b4325,1.06165338
b4326,3.789872619
b4327,5.623604974
b4328,5.99943229
b4329,3.999682781
b4330,1.857391634
b4331,3.472404532
b4332,3.102770542
b4333,2.668091895
b4334,2.26398851
b4335,2.794138194
b4336,4.485813258
b4337,3.136080884
b4340,4.738726705
b4341,0
b4342,5.804072366
b4345,3.589736937
b4346,5.094651812
b4347,3.137101288
b4348,5.710663878
b4349,6.253234601
b4350,6.688446456
b4351,5.869925438
b4352,6.577108373
b4353,5.709601032
b4354,2.012470072
b4355,2.754208289
b4356,2.177667388
b4357,2.561077959
b4358,1.201493851
b4359,6.03155097
b4360,6.692478121
b4361,5.971476604
b4362,6.301730852
b4363,3.296807025
b4364,3.992655189
b4365,0.753500006
b4366,1.043267294
b4367,9.394052656
b4371,6.685258415
b4372,7.320759292
b4373,6.666929899
b4374,6.488708713
b4375,8.085036829
b4376,9.715311568
b4377,4.296098648
b4378,2.109864438
b4379,1.791079135
b4380,2.494238241
b4381,6.68462665
b4382,5.793858959
b4383,8.118606034
b4384,8.760930153
b4385,4.961636667
b4386,4.507713737
b4387,4.653200851
b4388,6.643236171
b4389,6.304342684
b4390,6.564488644
b4391,8.652877505
b4392,6.170789111
b4393,6.656937655
b4394,6.011285823
b4395,6.788453128
b4396,8.225503372
b4397,6.284728233
b4398,5.944958029
b4399,4.093838707
b4400,2.350495245
b4401,9.267007604
b4402,3.676556999
b4403,5.064823431
b4406,7.58432216
b4407,8.113620193
b4409,5.650402156
b4410,6.028196021
b4411,9.354876594
b4412,0
b4415,3.031190662
b4419,3.059055236
b4421,1.539361947
b4423,0
b4428,5.3760728
b4453,3.825120694
b4455,0.532671733
b4460,2.833670242
b4461,5.144953871
b4462,0.687167507
b4463,2.279066634
b4464,2.98101433
b4465,1.183702675
b4466,4.951024099
b4467,4.048074012
b4468,2.714215621
b4469,6.627313943
b4470,3.138989214
b4471,2.197944165
b4472,5.42404167
b4473,5.318590675
b4474,1.872537659
b4475,3.718230592
b4476,2.517479781
b4477,2.052207008
b4478,2.611962003
b4479,5.004191264
b4480,5.701951659
b4481,5.542021642
b4482,2.72083096
b4483,5.440444979
b4484,6.846058821
b4485,3.15054599
b4486,3.721728439
b4487,4.562694524
b4488,9.062624807
b4490,6.975252608
b4491,3.108559268
b4492,4.370334683
b4493,8.978487653
b4494,0.804336635
b4495,0.857421678
b4496,2.978783402
b4497,1.392256259
b4498,6.365760036
b4500,1.372411924
b4501,5.285297289
b4502,2.668653702
b4503,0.933297612
b4504,0
b4506,3.018757834
b4509,0
b4510,0
b4511,4.631004661
b4512,6.060141563
b4513,0.757386135
b4514,1.918032262
b4515,6.118116634
b4516,1.318398008
b4517,5.97850085
b4518,5.255317665
b4519,3.148499662
b4520,1.218142971
b4521,0.88398311
b4522,7.197260695
b4523,7.995644384
b4524,0.987806554
b4525,3.32815744
b4526,0.491893981
b4527,1.037760418
b4528,0
b4529,7.133501087
b4532,4.91564773
b4533,0
b4534,1.002200799
b4535,3.969687659
b4536,6.335806958
b4537,8.319703136
b4538,2.326599098
b4539,6.656364146
b4541,0.41857705
b4542,5.465251407
b4543,6.199030206
b4544,2.664606954
b4545,1.656606661
b4546,5.138848935
b4547,6.114434067
b4548,0.583148335
b4550,4.747641048
b4551,6.513030657
b4553,4.117407456
b4554,6.995811581
b4555,3.977730469
b4557,8.513043327
b4558,7.991833579
b4559,2.342646691
b4565,1.343749207
b4566,3.146561482
b4567,3.369153268
b4568,8.287846331
b4569,2.551061071
b4570,1.573955271
b4571,7.150438482
b4572,1.759218843
b4573,2.962229669
b4575,3.935522877
b4579,1.675986685
b4580,2.638359216
b4581,4.852838945
b4582,4.141554701
b4583,0.188206151
b4584,4.320968731
b4586,0.73060618
b4587,5.462972716
b4588,0.699996603
b4589,2.226368057
b4590,0
b4592,3.107380819
b4593,2.515393706
b4594,2.265935896
b4595,7.360133749
b4596,5.864212918
b4598,7.085440178
b4599,5.666083249
b4601,0
b4602,8.004071797
b4604,0
b4605,1.082213297
b4606,5.472094623
b4610,1.924873694
b4612,0
b4613,7.022519901
b4615,1.19148511
b4618,6.752828087
b4620,2.68956389
b4621,0.577242737
b4622,0.341609338
b4623,3.458107229
b4626,0.934664193
b4630,0
b4632,0.727467241
b4633,2.47164376
b4634,0.427767861
b4637,8.354584843
b4638,2.739683351
b4644,0.578280032
b4650,0.497295841
b4655,1.398050273
b4657,1.419619588
b4658,3.367640374
b4660,0.863531572
b4661,2.29589949
b4662,4.960054601
b4663,7.475457053
b4664,1.35823336
b4665,0.960395462
b4666,0
b4667,0
b4668,2.861177589
b4669,7.420472675
b4670,0
b4671,0
b4672,1.566028266
b4673,3.10250876
b4674,0
b4675,3.872948207
b4676,5.507687068
b4677,0
b4678,6.534405155
b4679,6.207042786
b4680,1.496906408
b4682,0
b4683,0
b4684,1.398050273
b4685,6.961435148
b4686,8.141075507
b4687,4.967976277
b4688,5.153193946
b4689,0
b4692,0
b4693,0
b4696,2.06001692
b4702,6.756431057
b4703,5.157986356
b4705,8.221316792
b4706,0
b4709,3.346297469
b4710,2.244262214
b4711,0
b4715,2.025284145
b4720,2.990243854
b4721,2.998801752
b4722,4.159234782
b4723,2.247686456
b4724,1.065211214
b4725,6.942134185
b4726,0
b4727,0
b4728,7.156244232
b4729,3.437027508
b4730,1.057991949
b4731,0
b4732,2.722441368
b4733,0
b4734,0
b4735,9.400950279
b4736,8.927501167
b4737,1.972540777
b4738,0
b4739,0.662725223
b4740,3.348937188
b4741,5.701159435
b4742,7.195594491
b4743,5.080227615
b4744,3.496470684
b4745,0.742098754
b4746,2.316727124
b4747,0.619140775
b4748,0
b4749,0
b4750,3.749547848
b4751,5.599442379
b4752,2.850776461
b4753,2.577658046
b4754,3.153057497
b4755,2.399591826
b4756,4.188936417
b4757,3.844106323
