Timepoint Sample,Experiment,Parent Culture,Reactor/Plate/Flask Number,Timepoint (#),Timepoint (h),Sample volume (mL),OD,D-glucose [g/L],acetic acid [g/L],citric acid [g/L],ethanol [g/L],formic acid [g/L],lactate [g/L],pyruvic acid [g/L],succinic acid [g/L]
DDB_PD_045_AMBR_R01__S0,DDB_PD_045_AMBR,DDB_PD_045_AMBR_SDT169-001_R01_Main_,R01,S0,0.0,2,0.255,24.411469980652498,0.0,0.0,0.0,0.0,0.0,0.0,0.0
DDB_PD_045_AMBR_R01__S1,DDB_PD_045_AMBR,DDB_PD_045_AMBR_SDT169-001_R01_Main_,R01,S1,9.019164545,4,5.84,18.2223718082846,1.0905696990870202,0.0,0.0,0.0,0.5574165656562831,0.13899078714970098,0.0
DDB_PD_045_AMBR_R01__S2,DDB_PD_045_AMBR,DDB_PD_045_AMBR_SDT169-001_R01_Main_,R01,S2,12.01868068,2,11.9,9.94574927431311,1.98105868885493,0.0,0.0,0.0,0.8308005401692551,0.22941743330662598,0.0
DDB_PD_045_AMBR_R01__S3,DDB_PD_045_AMBR,DDB_PD_045_AMBR_SDT169-001_R01_Main_,R01,S3,16.61137837,2,22.7,0.0,2.93155122013448,0.0,0.0,0.0,0.0,0.0,0.0
DDB_PD_045_AMBR_R01__S4,DDB_PD_045_AMBR,DDB_PD_045_AMBR_SDT169-001_R01_Main_,R01,S4,25.61476442,2,76.75,0.0,0.0,0.0,0.0,0.0,0.0,0.0,0.28556811282439704
DDB_PD_045_AMBR_R01__S5,DDB_PD_045_AMBR,DDB_PD_045_AMBR_SDT169-001_R01_Main_,R01,S5,31.61245751,4,133.5,0.0,0.0,0.0,0.0,0.0,0.0,0.0,0.26076328276934396
DDB_PD_045_AMBR_R01__S6,DDB_PD_045_AMBR,DDB_PD_045_AMBR_SDT169-001_R01_Main_,R01,S6,33.61190804,2,153.8,0.0,0.0,0.0,0.0,0.0,0.0,0.0,0.308413912605155
DDB_PD_045_AMBR_R01__S7,DDB_PD_045_AMBR,DDB_PD_045_AMBR_SDT169-001_R01_Main_,R01,S7,36.60896465,2,185.4,0.0,0.0,0.0,0.0,0.0,0.0,0.0,0.205912926942311
DDB_PD_045_AMBR_R01__S8,DDB_PD_045_AMBR,DDB_PD_045_AMBR_SDT169-001_R01_Main_,R01,S8,40.6138364,4,187.2,0.0,0.0,0.0,0.0,0.0,0.0,0.0,0.143523779290928
DDB_PD_045_AMBR_R02__S0,DDB_PD_045_AMBR,DDB_PD_045_AMBR_SDT169-001_R02_Main_,R02,S0,0.0,2,0.255,25.5138307649851,0.0,0.0,0.0,0.0,0.0,0.0,0.0
DDB_PD_045_AMBR_R02__S1,DDB_PD_045_AMBR,DDB_PD_045_AMBR_SDT169-001_R02_Main_,R02,S1,9.038969628,4,5.17,19.765573102796402,1.17000664497209,0.0,0.0,0.0,0.598004810420079,0.0,0.0
DDB_PD_045_AMBR_R02__S2,DDB_PD_045_AMBR,DDB_PD_045_AMBR_SDT169-001_R02_Main_,R02,S2,12.03723489,2,12.6,9.365628807225999,2.02055665088609,0.0,0.0,0.0,0.842897146015899,0.194308136705724,0.0
DDB_PD_045_AMBR_R02__S3,DDB_PD_045_AMBR,DDB_PD_045_AMBR_SDT169-001_R02_Main_,R02,S3,16.40733059,2,23.35,0.0,2.8011354663345402,0.0,0.0,0.0,0.0,0.0,0.0
DDB_PD_045_AMBR_R02__S4,DDB_PD_045_AMBR,DDB_PD_045_AMBR_SDT169-001_R02_Main_,R02,S4,25.40852974,2,73.0,0.0,0.0,0.0,0.0,0.0,0.0,0.0,0.279785043375308
DDB_PD_045_AMBR_R02__S5,DDB_PD_045_AMBR,DDB_PD_045_AMBR_SDT169-001_R02_Main_,R02,S5,31.40855678,4,131.4,0.0,0.0,0.0,0.0,0.0,0.0,0.0,0.267781168188391
DDB_PD_045_AMBR_R02__S6,DDB_PD_045_AMBR,DDB_PD_045_AMBR_SDT169-001_R02_Main_,R02,S6,33.40867476,2,149.5,0.0,0.0,0.0,0.0,0.0,0.0,0.0,0.23077337701567402
DDB_PD_045_AMBR_R02__S7,DDB_PD_045_AMBR,DDB_PD_045_AMBR_SDT169-001_R02_Main_,R02,S7,36.48276714,2,193.0,0.0,0.0,0.0,0.0,0.0,0.0,0.0,0.0
DDB_PD_045_AMBR_R02__S8,DDB_PD_045_AMBR,DDB_PD_045_AMBR_SDT169-001_R02_Main_,R02,S8,40.40964443,4,201.0,0.0,0.0,0.0,0.0,0.0,0.0,0.0,0.17855416482792702
DDB_PD_045_AMBR_R05__S0,DDB_PD_045_AMBR,DDB_PD_045_AMBR_SDT172-001_R05_Main_,R05,S0,0.0,2,0.231,22.470038213953497,0.0,0.0,0.0,0.0,0.0,0.0,0.0
DDB_PD_045_AMBR_R05__S1,DDB_PD_045_AMBR,DDB_PD_045_AMBR_SDT172-001_R05_Main_,R05,S1,9.036173526,4,4.56,17.124314079771402,0.48294179601633297,0.0,0.0,0.0,0.40321217130652703,0.0,0.0
DDB_PD_045_AMBR_R05__S2,DDB_PD_045_AMBR,DDB_PD_045_AMBR_SDT172-001_R05_Main_,R05,S2,12.03398398,2,13.08,11.0792123297791,1.01759976480248,0.0,0.0,0.0,0.654963883634446,0.118425776320849,0.0
DDB_PD_045_AMBR_R05__S3,DDB_PD_045_AMBR,DDB_PD_045_AMBR_SDT172-001_R05_Main_,R05,S3,15.29990947,2,31.3,0.0,0.0,0.0,0.0,0.0,0.0,0.0,0.0
DDB_PD_045_AMBR_R05__S4,DDB_PD_045_AMBR,DDB_PD_045_AMBR_SDT172-001_R05_Main_,R05,S4,24.30128521,2,84.65,0.0,0.0,0.0,0.0,0.0,0.0,0.0,0.337250698993554
DDB_PD_045_AMBR_R05__S5,DDB_PD_045_AMBR,DDB_PD_045_AMBR_SDT172-001_R05_Main_,R05,S5,30.3394714,4,141.2,0.0,0.0,0.0,0.0,0.0,0.0,0.0,0.39519897992255604
DDB_PD_045_AMBR_R05__S6,DDB_PD_045_AMBR,DDB_PD_045_AMBR_SDT172-001_R05_Main_,R05,S6,32.3018818,2,167.6,0.0,0.0,0.0,0.0,0.0,0.0,0.0,0.324166963396901
DDB_PD_045_AMBR_R05__S7,DDB_PD_045_AMBR,DDB_PD_045_AMBR_SDT172-001_R05_Main_,R05,S7,35.3012536,2,200.8,0.0,0.0,0.0,0.0,0.0,0.0,0.0,0.0
DDB_PD_045_AMBR_R05__S8,DDB_PD_045_AMBR,DDB_PD_045_AMBR_SDT172-001_R05_Main_,R05,S8,39.333489,4,223.8,0.0,0.0,0.0,0.0,0.0,0.0,0.0,0.0
DDB_PD_045_AMBR_R06__S0,DDB_PD_045_AMBR,DDB_PD_045_AMBR_SDT172-001_R06_Main_,R06,S0,0.0,2,0.251,20.5272873372476,0.0,0.0,0.0,0.0,0.0,0.0,0.0
DDB_PD_045_AMBR_R06__S1,DDB_PD_045_AMBR,DDB_PD_045_AMBR_SDT172-001_R06_Main_,R06,S1,9.055331389,4,5.01,16.3962035453408,0.48539008311770704,0.0,0.0,0.0,0.385405610368707,0.0,0.0
DDB_PD_045_AMBR_R06__S2,DDB_PD_045_AMBR,DDB_PD_045_AMBR_SDT172-001_R06_Main_,R06,S2,12.05303093,2,13.64,8.58783700243397,0.938381250667782,0.0,0.0,0.0,0.565669720359437,0.0,0.0
DDB_PD_045_AMBR_R06__S3,DDB_PD_045_AMBR,DDB_PD_045_AMBR_SDT172-001_R06_Main_,R06,S3,15.10837282,2,30.8,0.0,0.7978389923692241,0.0,0.0,0.0,0.0,0.0,0.0
DDB_PD_045_AMBR_R06__S4,DDB_PD_045_AMBR,DDB_PD_045_AMBR_SDT172-001_R06_Main_,R06,S4,24.10864354,2,88.1,0.0,0.0,0.0,0.0,0.0,0.0,0.0,0.381590106131764
DDB_PD_045_AMBR_R06__S5,DDB_PD_045_AMBR,DDB_PD_045_AMBR_SDT172-001_R06_Main_,R06,S5,30.1116032,4,137.4,0.0,0.0,0.0,0.0,0.0,0.0,0.0,0.466782122274743
DDB_PD_045_AMBR_R06__S6,DDB_PD_045_AMBR,DDB_PD_045_AMBR_SDT172-001_R06_Main_,R06,S6,32.15130109,2,168.7,0.0,0.205694943047944,0.0,0.0,0.0,0.0,0.0,0.371092663431716
DDB_PD_045_AMBR_R06__S7,DDB_PD_045_AMBR,DDB_PD_045_AMBR_SDT172-001_R06_Main_,R06,S7,35.10974531,2,197.0,0.0,0.245430109542412,0.0,0.0,0.0,0.0,0.0,0.0
DDB_PD_045_AMBR_R06__S8,DDB_PD_045_AMBR,DDB_PD_045_AMBR_SDT172-001_R06_Main_,R06,S8,39.12906837,4,236.0,0.0,0.0,0.0,0.0,0.0,0.0,0.0,0.0
DDB_PD_045_AMBR_R07__S0,DDB_PD_045_AMBR,DDB_PD_045_AMBR_SDT173-001_R07_Main_,R07,S0,0.0,2,0.228,23.4809431617222,0.0,0.0,0.0,0.0,0.0,0.0,0.0
DDB_PD_045_AMBR_R07__S1,DDB_PD_045_AMBR,DDB_PD_045_AMBR_SDT173-001_R07_Main_,R07,S1,9.052824338999999,4,5.44,18.7727839553468,0.557211473681199,0.0,0.0,0.0,0.5441086631487859,0.0,0.0
DDB_PD_045_AMBR_R07__S2,DDB_PD_045_AMBR,DDB_PD_045_AMBR_SDT173-001_R07_Main_,R07,S2,12.05991712,2,14.74,10.287788534512302,0.984624183267867,0.0,0.241136528117442,0.0,0.7371879622866561,0.135813279979346,0.0
DDB_PD_045_AMBR_R07__S3,DDB_PD_045_AMBR,DDB_PD_045_AMBR_SDT173-001_R07_Main_,R07,S3,14.81575937,2,31.6,0.0,0.0,0.0,0.0,0.0,0.0,0.0,0.0
DDB_PD_045_AMBR_R07__S4,DDB_PD_045_AMBR,DDB_PD_045_AMBR_SDT173-001_R07_Main_,R07,S4,23.81712881,2,85.1,0.0,0.0,0.0,0.0,0.0,0.0,0.0,0.323551067308781
DDB_PD_045_AMBR_R07__S5,DDB_PD_045_AMBR,DDB_PD_045_AMBR_SDT173-001_R07_Main_,R07,S5,29.83001301,4,147.0,0.0,0.0,0.0,0.0,0.0,0.0,0.0,0.0
DDB_PD_045_AMBR_R07__S6,DDB_PD_045_AMBR,DDB_PD_045_AMBR_SDT173-001_R07_Main_,R07,S6,31.87179277,2,162.8,0.0,0.0,0.0,0.0,0.0,0.0,0.0,0.0
DDB_PD_045_AMBR_R07__S7,DDB_PD_045_AMBR,DDB_PD_045_AMBR_SDT173-001_R07_Main_,R07,S7,34.81701792,2,193.6,0.0,0.0,0.0,0.0,0.0,0.0,0.0,0.0
DDB_PD_045_AMBR_R07__S8,DDB_PD_045_AMBR,DDB_PD_045_AMBR_SDT173-001_R07_Main_,R07,S8,38.84774944,4,230.0,0.0,0.0,0.0,0.0,0.0,0.0,0.0,0.0
DDB_PD_045_AMBR_R08__S0,DDB_PD_045_AMBR,DDB_PD_045_AMBR_SDT173-001_R08_Main_,R08,S0,0.0,2,0.261,26.3742673602882,0.0,0.0,0.0,0.0,0.0,0.0,0.0
DDB_PD_045_AMBR_R08__S1,DDB_PD_045_AMBR,DDB_PD_045_AMBR_SDT173-001_R08_Main_,R08,S1,9.073573295,4,5.66,21.0534995605026,0.691261631304807,0.0,0.0,0.0,0.603568683608104,0.0,0.0
DDB_PD_045_AMBR_R08__S2,DDB_PD_045_AMBR,DDB_PD_045_AMBR_SDT173-001_R08_Main_,R08,S2,12.07930166,2,16.0,9.16375880888178,1.0691626880708198,0.0,0.242333701639591,0.0,0.767936364146939,0.0513413708112752,0.0
DDB_PD_045_AMBR_R08__S3,DDB_PD_045_AMBR,DDB_PD_045_AMBR_SDT173-001_R08_Main_,R08,S3,14.83513734,2,31.5,0.0,0.0,0.0,0.0,0.0,0.0,0.0,0.0
DDB_PD_045_AMBR_R08__S4,DDB_PD_045_AMBR,DDB_PD_045_AMBR_SDT173-001_R08_Main_,R08,S4,23.83686464,2,84.25,0.0,0.0,0.0,0.0,0.0,0.0,0.0,0.360208540517791
DDB_PD_045_AMBR_R08__S5,DDB_PD_045_AMBR,DDB_PD_045_AMBR_SDT173-001_R08_Main_,R08,S5,29.84988994,4,144.5,0.0,0.0,0.0,0.0,0.0,0.0,0.0,0.433811618674203
DDB_PD_045_AMBR_R08__S6,DDB_PD_045_AMBR,DDB_PD_045_AMBR_SDT173-001_R08_Main_,R08,S6,31.89291036,2,154.7,0.0,0.0,0.0,0.0,0.0,0.0,0.0,0.0
DDB_PD_045_AMBR_R08__S7,DDB_PD_045_AMBR,DDB_PD_045_AMBR_SDT173-001_R08_Main_,R08,S7,34.8366426,2,213.0,0.0,0.0,0.0,0.0,0.0,0.0,0.0,0.0
DDB_PD_045_AMBR_R08__S8,DDB_PD_045_AMBR,DDB_PD_045_AMBR_SDT173-001_R08_Main_,R08,S8,38.86733837,4,232.4,0.0,0.0,0.0,0.0,0.0,0.0,0.0,0.0
DDB_PD_045_AMBR_R11__S0,DDB_PD_045_AMBR,DDB_PD_045_AMBR_SDT175-001_R11_Main_,R11,S0,0.0,2,0.275,22.109680042992103,0.0,0.0,0.0,0.0,0.0,0.0,0.0
DDB_PD_045_AMBR_R11__S1,DDB_PD_045_AMBR,DDB_PD_045_AMBR_SDT175-001_R11_Main_,R11,S1,9.05867314,4,3.57,17.4209121458072,0.6592116569988931,0.0,0.0,0.0,0.375935835233066,0.0,0.0
DDB_PD_045_AMBR_R11__S2,DDB_PD_045_AMBR,DDB_PD_045_AMBR_SDT175-001_R11_Main_,R11,S2,12.06303167,2,9.72,14.3614289981996,1.37852905292688,0.0,0.24521262520579598,0.0,0.758175146920741,0.0922582989364319,0.0
DDB_PD_045_AMBR_R11__S3,DDB_PD_045_AMBR,DDB_PD_045_AMBR_SDT175-001_R11_Main_,R11,S3,16.93434444,2,28.0,0.0,1.64369922640376,0.0,0.0,0.0,0.0,0.0,0.0
DDB_PD_045_AMBR_R11__S4,DDB_PD_045_AMBR,DDB_PD_045_AMBR_SDT175-001_R11_Main_,R11,S4,25.93510926,2,79.2,0.0,0.0,0.0,0.0,0.0,0.0,0.0,0.0
DDB_PD_045_AMBR_R11__S5,DDB_PD_045_AMBR,DDB_PD_045_AMBR_SDT175-001_R11_Main_,R11,S5,31.9342186,4,133.1,0.0,0.0,0.0,0.0,0.0,0.0,0.0,0.0
DDB_PD_045_AMBR_R11__S6,DDB_PD_045_AMBR,DDB_PD_045_AMBR_SDT175-001_R11_Main_,R11,S6,33.93549409,2,166.6,0.0,0.0,0.0,0.0,0.0,0.0,0.0,0.0
DDB_PD_045_AMBR_R11__S7,DDB_PD_045_AMBR,DDB_PD_045_AMBR_SDT175-001_R11_Main_,R11,S7,36.93535047,2,196.0,0.0,0.0,0.0,0.0,0.0,0.0,0.0,0.0
DDB_PD_045_AMBR_R11__S8,DDB_PD_045_AMBR,DDB_PD_045_AMBR_SDT175-001_R11_Main_,R11,S8,40.93651948,4,226.8,0.0,0.0,0.0,0.0,0.0,0.0,0.0,0.0
DDB_PD_045_AMBR_R12__S0,DDB_PD_045_AMBR,DDB_PD_045_AMBR_SDT175-001_R12_Main_,R12,S0,0.0,2,0.287,20.7742761699813,0.0,0.0,0.0,0.0,0.0,0.0,0.0
DDB_PD_045_AMBR_R12__S1,DDB_PD_045_AMBR,DDB_PD_045_AMBR_SDT175-001_R12_Main_,R12,S1,9.078829038,4,3.69,16.5402459478726,0.649772378875638,0.0,0.0,0.0,0.360667769993953,0.0,0.0
DDB_PD_045_AMBR_R12__S2,DDB_PD_045_AMBR,DDB_PD_045_AMBR_SDT175-001_R12_Main_,R12,S2,12.08177924,2,8.88,10.5977552900321,1.11206877559078,0.0,0.0,0.0,0.611162194630521,0.0,0.0
DDB_PD_045_AMBR_R12__S3,DDB_PD_045_AMBR,DDB_PD_045_AMBR_SDT175-001_R12_Main_,R12,S3,16.95320655,2,27.95,0.0,1.56305830331773,0.0,0.0,0.0,0.0,0.0,0.0
DDB_PD_045_AMBR_R12__S4,DDB_PD_045_AMBR,DDB_PD_045_AMBR_SDT175-001_R12_Main_,R12,S4,25.95434201,2,82.5,0.0,0.0,0.0,0.0,0.0,0.0,0.0,0.0
DDB_PD_045_AMBR_R12__S5,DDB_PD_045_AMBR,DDB_PD_045_AMBR_SDT175-001_R12_Main_,R12,S5,31.95469599,4,133.2,0.0,0.0,0.0,0.0,0.0,0.0,0.0,0.0
DDB_PD_045_AMBR_R12__S6,DDB_PD_045_AMBR,DDB_PD_045_AMBR_SDT175-001_R12_Main_,R12,S6,33.95458302,2,157.7,0.0,0.0,0.0,0.0,0.0,0.0,0.0,0.0
DDB_PD_045_AMBR_R12__S7,DDB_PD_045_AMBR,DDB_PD_045_AMBR_SDT175-001_R12_Main_,R12,S7,36.95541661,2,192.4,0.0,0.0,0.0,0.0,0.0,0.0,0.0,0.0
DDB_PD_045_AMBR_R12__S8,DDB_PD_045_AMBR,DDB_PD_045_AMBR_SDT175-001_R12_Main_,R12,S8,40.95543622,4,226.6,0.0,0.0,0.0,0.0,0.0,0.0,0.0,0.0
DDB_PD_045_AMBR_R13__S0,DDB_PD_045_AMBR,DDB_PD_045_AMBR_SDT176-001_R13_Main_,R13,S0,0.0,2,0.275,22.6182862952817,0.0,0.0,0.0,0.0,0.0,0.0,0.0
DDB_PD_045_AMBR_R13__S1,DDB_PD_045_AMBR,DDB_PD_045_AMBR_SDT176-001_R13_Main_,R13,S1,9.070526555,4,5.92,17.4732174004445,0.597705918678182,0.0,0.0,0.0,0.549283079886275,0.22269716546708201,0.0
DDB_PD_045_AMBR_R13__S2,DDB_PD_045_AMBR,DDB_PD_045_AMBR_SDT176-001_R13_Main_,R13,S2,12.07204653,2,16.88,8.86318219296126,1.1799901422482302,0.0,0.283285446920758,0.0,0.88082134127797,0.17227627804779,0.0
DDB_PD_045_AMBR_R13__S3,DDB_PD_045_AMBR,DDB_PD_045_AMBR_SDT176-001_R13_Main_,R13,S3,14.49487026,2,33.75,0.0,0.41382199489470406,0.0,0.0,0.0,0.0,0.0,0.0
DDB_PD_045_AMBR_R13__S4,DDB_PD_045_AMBR,DDB_PD_045_AMBR_SDT176-001_R13_Main_,R13,S4,23.49848115,2,84.0,0.0,0.0,0.0,0.0,0.0,0.0,0.0,0.323741647661283
DDB_PD_045_AMBR_R13__S5,DDB_PD_045_AMBR,DDB_PD_045_AMBR_SDT176-001_R13_Main_,R13,S5,29.49714594,4,151.1,0.0,0.0,0.0,0.0,0.0,0.0,0.0,0.434062865837457
DDB_PD_045_AMBR_R13__S6,DDB_PD_045_AMBR,DDB_PD_045_AMBR_SDT176-001_R13_Main_,R13,S6,31.51762808,2,167.2,0.0,0.211455069755357,0.0,0.0,0.0,0.0,0.0,0.31074875095758797
DDB_PD_045_AMBR_R13__S7,DDB_PD_045_AMBR,DDB_PD_045_AMBR_SDT176-001_R13_Main_,R13,S7,34.49095112,2,203.0,0.0,0.27163603734366804,0.0,0.0,0.0,0.0,0.0,0.0
DDB_PD_045_AMBR_R13__S8,DDB_PD_045_AMBR,DDB_PD_045_AMBR_SDT176-001_R13_Main_,R13,S8,38.49564041,4,234.4,0.0,0.0,0.0,0.0,0.0,0.0,0.0,0.0
DDB_PD_045_AMBR_R14__S0,DDB_PD_045_AMBR,DDB_PD_045_AMBR_SDT176-001_R14_Main_,R14,S0,0.0,2,0.249,25.9598555652435,0.0,0.0,0.0,0.0,0.0,0.0,0.0
DDB_PD_045_AMBR_R14__S1,DDB_PD_045_AMBR,DDB_PD_045_AMBR_SDT176-001_R14_Main_,R14,S1,9.091637075,4,5.14,21.2150788467667,0.65788901687697,0.0,0.0,0.0,0.616180916347556,0.238500214619561,0.0
DDB_PD_045_AMBR_R14__S2,DDB_PD_045_AMBR,DDB_PD_045_AMBR_SDT176-001_R14_Main_,R14,S2,12.09173868,2,15.86,9.18559356060479,1.13654324538777,0.0,0.270073411283303,0.0,0.832716429390053,0.14826617656226,0.0
DDB_PD_045_AMBR_R14__S3,DDB_PD_045_AMBR,DDB_PD_045_AMBR_SDT176-001_R14_Main_,R14,S3,14.68833306,2,32.4,0.0,0.446686403737738,0.0,0.0,0.0,0.0,0.0,0.0
DDB_PD_045_AMBR_R14__S4,DDB_PD_045_AMBR,DDB_PD_045_AMBR_SDT176-001_R14_Main_,R14,S4,23.68978706,2,85.75,0.0,0.0,0.0,0.0,0.0,0.0,0.0,0.340868884379377
DDB_PD_045_AMBR_R14__S5,DDB_PD_045_AMBR,DDB_PD_045_AMBR_SDT176-001_R14_Main_,R14,S5,29.71760337,4,146.6,0.0,0.0,0.0,0.0,0.0,0.0,0.0,0.44105675888892104
DDB_PD_045_AMBR_R14__S6,DDB_PD_045_AMBR,DDB_PD_045_AMBR_SDT176-001_R14_Main_,R14,S6,31.7566775,2,174.3,0.0,0.21301310848412702,0.0,0.0,0.0,0.0,0.0,0.0
DDB_PD_045_AMBR_R14__S7,DDB_PD_045_AMBR,DDB_PD_045_AMBR_SDT176-001_R14_Main_,R14,S7,34.6897291,2,209.8,0.0,0.26035186861675197,0.0,0.0,0.0,0.0,0.0,0.0
DDB_PD_045_AMBR_R14__S8,DDB_PD_045_AMBR,DDB_PD_045_AMBR_SDT176-001_R14_Main_,R14,S8,38.71459133,4,234.6,0.0,0.0,0.0,0.0,0.0,0.0,0.0,0.215235518041335
DDB_PD_045_AMBR_R15__S0,DDB_PD_045_AMBR,DDB_PD_045_AMBR_SDT177-001_R15_Main_,R15,S0,0.0,2,0.265,24.303274404483403,0.0,0.0,0.0,0.0,0.0,0.0,0.0
DDB_PD_045_AMBR_R15__S1,DDB_PD_045_AMBR,DDB_PD_045_AMBR_SDT177-001_R15_Main_,R15,S1,9.08442374,4,5.63,19.431195656847,0.534257649665054,0.0,0.0,0.0,0.553781668092654,0.149563863414237,0.0
DDB_PD_045_AMBR_R15__S2,DDB_PD_045_AMBR,DDB_PD_045_AMBR_SDT177-001_R15_Main_,R15,S2,12.0833836,2,17.86,6.886612670882279,0.85045041055184,0.0,0.219248940827508,0.0,0.622968753664362,0.114595944106797,0.0
DDB_PD_045_AMBR_R15__S3,DDB_PD_045_AMBR,DDB_PD_045_AMBR_SDT177-001_R15_Main_,R15,S3,14.48536663,2,34.2,0.0,0.32428655785661203,0.0,0.0,0.0,0.0,0.0,0.0
DDB_PD_045_AMBR_R15__S4,DDB_PD_045_AMBR,DDB_PD_045_AMBR_SDT177-001_R15_Main_,R15,S4,23.49071761,2,88.9,0.0,0.0,0.0,0.0,0.0,0.0,0.0,0.311912968709828
DDB_PD_045_AMBR_R15__S5,DDB_PD_045_AMBR,DDB_PD_045_AMBR_SDT177-001_R15_Main_,R15,S5,29.48802,4,155.5,0.0,0.0,0.0,0.0,0.0,0.0,0.0,0.41941720832655194
DDB_PD_045_AMBR_R15__S6,DDB_PD_045_AMBR,DDB_PD_045_AMBR_SDT177-001_R15_Main_,R15,S6,31.50983932,2,171.3,0.0,0.227590329691936,0.0,0.0,0.0,0.0,0.0,0.0
DDB_PD_045_AMBR_R15__S7,DDB_PD_045_AMBR,DDB_PD_045_AMBR_SDT177-001_R15_Main_,R15,S7,34.48154054,2,210.6,0.0,0.253660312857947,0.0,0.0,0.0,0.0,0.0,0.228351179002471
DDB_PD_045_AMBR_R15__S8,DDB_PD_045_AMBR,DDB_PD_045_AMBR_SDT177-001_R15_Main_,R15,S8,38.48630553,4,235.0,0.0,0.0,0.0,0.0,0.0,0.0,0.0,0.0
DDB_PD_045_AMBR_R16__S0,DDB_PD_045_AMBR,DDB_PD_045_AMBR_SDT177-001_R16_Main_,R16,S0,0.0,2,0.261,23.8490194592687,0.0,0.0,0.0,0.0,0.0,0.0,0.0
DDB_PD_045_AMBR_R16__S1,DDB_PD_045_AMBR,DDB_PD_045_AMBR_SDT177-001_R16_Main_,R16,S1,9.105652712000001,4,5.27,17.9892258528252,0.46673860781736903,0.0,0.0,0.0,0.507485855542721,0.24076413442906502,0.0
DDB_PD_045_AMBR_R16__S2,DDB_PD_045_AMBR,DDB_PD_045_AMBR_SDT177-001_R16_Main_,R16,S2,12.10334226,2,17.42,10.443499973045201,1.02727037585104,0.0,0.272248422388551,0.0,0.802758311610689,0.150602017315697,0.0
DDB_PD_045_AMBR_R16__S3,DDB_PD_045_AMBR,DDB_PD_045_AMBR_SDT177-001_R16_Main_,R16,S3,14.57244628,2,33.8,0.0,0.330380817612002,0.0,0.0,0.0,0.0,0.0,0.0
DDB_PD_045_AMBR_R16__S4,DDB_PD_045_AMBR,DDB_PD_045_AMBR_SDT177-001_R16_Main_,R16,S4,23.5737898,2,86.55,0.0,0.0,0.0,0.0,0.0,0.0,0.0,0.34259861024415095
DDB_PD_045_AMBR_R16__S5,DDB_PD_045_AMBR,DDB_PD_045_AMBR_SDT177-001_R16_Main_,R16,S5,29.61733745,4,149.8,0.0,0.205064818362879,0.0,0.0,0.0,0.0,0.0,0.44037607804669
DDB_PD_045_AMBR_R16__S6,DDB_PD_045_AMBR,DDB_PD_045_AMBR_SDT177-001_R16_Main_,R16,S6,31.58207743,2,170.8,0.0,0.217161444843145,0.0,0.0,0.0,0.0,0.0,0.0
DDB_PD_045_AMBR_R16__S7,DDB_PD_045_AMBR,DDB_PD_045_AMBR_SDT177-001_R16_Main_,R16,S7,34.57377142,2,208.6,0.0,0.256273277898675,0.0,0.0,0.0,0.0,0.0,0.271267135842599
DDB_PD_045_AMBR_R16__S8,DDB_PD_045_AMBR,DDB_PD_045_AMBR_SDT177-001_R16_Main_,R16,S8,38.61402387,4,240.0,0.0,0.0,0.0,0.0,0.0,0.0,0.0,0.0
DDB_PD_045_AMBR_R17__S0,DDB_PD_045_AMBR,DDB_PD_045_AMBR_SDT178-001_R17_Main_,R17,S0,0.0,2,0.242,20.7273412412879,0.0,0.0,0.0,0.0,0.0,0.0,0.0
DDB_PD_045_AMBR_R17__S1,DDB_PD_045_AMBR,DDB_PD_045_AMBR_SDT178-001_R17_Main_,R17,S1,9.101196522999999,4,4.68,17.3614364850104,0.622501722836619,0.0,0.0,0.0,0.4022891620441,0.228556334796773,0.0
DDB_PD_045_AMBR_R17__S2,DDB_PD_045_AMBR,DDB_PD_045_AMBR_SDT178-001_R17_Main_,R17,S2,12.09750091,2,12.6,12.0326099507603,1.3432102422349301,0.0,0.20253879455370102,0.0,0.9684692085505189,0.197459883689074,0.0
DDB_PD_045_AMBR_R17__S3,DDB_PD_045_AMBR,DDB_PD_045_AMBR_SDT178-001_R17_Main_,R17,S3,18.65269739,2,31.25,0.0,0.0,0.0,0.0,0.0,0.0,0.0,0.0
DDB_PD_045_AMBR_R17__S4,DDB_PD_045_AMBR,DDB_PD_045_AMBR_SDT178-001_R17_Main_,R17,S4,27.65663366,2,92.85,0.0,0.0,0.0,0.0,0.0,0.0,0.0,0.301820942873593
DDB_PD_045_AMBR_R17__S5,DDB_PD_045_AMBR,DDB_PD_045_AMBR_SDT178-001_R17_Main_,R17,S5,33.64948772,4,159.8,0.0,0.213146026159668,0.0,0.0,0.0,0.0,0.0,0.5340996199788
DDB_PD_045_AMBR_R17__S6,DDB_PD_045_AMBR,DDB_PD_045_AMBR_SDT178-001_R17_Main_,R17,S6,35.65265502,2,185.7,0.0,0.237853686784823,0.24155653173797298,0.0,0.0,0.0,0.0,0.543401051733663
DDB_PD_045_AMBR_R17__S7,DDB_PD_045_AMBR,DDB_PD_045_AMBR_SDT178-001_R17_Main_,R17,S7,38.67876704,2,209.8,0.0,0.24551231046099498,0.279512695753536,0.0,0.0,0.0,0.0,0.443886079160262
DDB_PD_045_AMBR_R17__S8,DDB_PD_045_AMBR,DDB_PD_045_AMBR_SDT178-001_R17_Main_,R17,S8,42.65166369,4,241.8,0.0,0.0,0.21775927024346,0.0,0.0,0.0,0.0,0.343257463142349
DDB_PD_045_AMBR_R18__S0,DDB_PD_045_AMBR,DDB_PD_045_AMBR_SDT178-001_R18_Main_,R18,S0,0.0,2,0.238,21.264264512295398,0.0,0.0,0.0,0.0,0.0,0.0,0.0
DDB_PD_045_AMBR_R18__S1,DDB_PD_045_AMBR,DDB_PD_045_AMBR_SDT178-001_R18_Main_,R18,S1,9.122156575,4,4.46,16.4240447320017,0.622091991998901,0.0,0.0,0.0,0.368512934847878,0.12675010453007501,0.0
DDB_PD_045_AMBR_R18__S2,DDB_PD_045_AMBR,DDB_PD_045_AMBR_SDT178-001_R18_Main_,R18,S2,12.11710808,2,10.48,9.83789139225702,1.1574638763182101,0.0,0.0,0.0,0.836476036263224,0.161816249136027,0.0
DDB_PD_045_AMBR_R18__S3,DDB_PD_045_AMBR,DDB_PD_045_AMBR_SDT178-001_R18_Main_,R18,S3,18.856526,2,30.65,0.0,0.0,0.0,0.0,0.0,0.0,0.0,0.0
DDB_PD_045_AMBR_R18__S4,DDB_PD_045_AMBR,DDB_PD_045_AMBR_SDT178-001_R18_Main_,R18,S4,28.18835167,2,98.15,0.0,0.0,0.0,0.0,0.0,0.0,0.0,0.301125066074421
DDB_PD_045_AMBR_R18__S5,DDB_PD_045_AMBR,DDB_PD_045_AMBR_SDT178-001_R18_Main_,R18,S5,33.88646865,4,162.0,0.0,0.23096250713524802,0.0,0.0,0.0,0.0,0.0,0.5485128663796189
DDB_PD_045_AMBR_R18__S6,DDB_PD_045_AMBR,DDB_PD_045_AMBR_SDT178-001_R18_Main_,R18,S6,35.86179688,2,181.6,0.0,0.231688178792259,0.18852517783991102,0.0,0.0,0.0,0.0,0.561992910800614
DDB_PD_045_AMBR_R18__S7,DDB_PD_045_AMBR,DDB_PD_045_AMBR_SDT178-001_R18_Main_,R18,S7,38.85984547,2,217.0,0.0,0.221161636819075,0.239226486968247,0.0,0.0,0.0,0.0,0.3584962165906
DDB_PD_045_AMBR_R18__S8,DDB_PD_045_AMBR,DDB_PD_045_AMBR_SDT178-001_R18_Main_,R18,S8,42.86523434,4,244.4,0.0,0.0,0.245208023597006,0.0,0.0,0.0,0.0,0.305308940968617
DDB_PD_045_AMBR_R19__S0,DDB_PD_045_AMBR,DDB_PD_045_AMBR_SDT179-001_R19_Main_,R19,S0,0.0,2,0.233,21.497359284583002,0.0,0.0,0.0,0.0,0.0,0.0,0.0
DDB_PD_045_AMBR_R19__S1,DDB_PD_045_AMBR,DDB_PD_045_AMBR_SDT179-001_R19_Main_,R19,S1,9.12177936,4,5.05,17.2427282773349,0.654000451166865,0.0,0.0,0.0,0.57595983196386,0.116267725764495,0.0
DDB_PD_045_AMBR_R19__S2,DDB_PD_045_AMBR,DDB_PD_045_AMBR_SDT179-001_R19_Main_,R19,S2,12.11527538,2,15.2,8.74779246658739,1.4156030375818198,0.0,0.281058943653155,0.0,1.2217433409937302,0.20073680203810898,0.0
DDB_PD_045_AMBR_R19__S3,DDB_PD_045_AMBR,DDB_PD_045_AMBR_SDT179-001_R19_Main_,R19,S3,14.62842466,2,34.1,0.0,0.841396844959381,0.0,0.0,0.0,0.0,0.0,0.0
DDB_PD_045_AMBR_R19__S4,DDB_PD_045_AMBR,DDB_PD_045_AMBR_SDT179-001_R19_Main_,R19,S4,23.63954487,2,93.05,0.0,0.0,0.0,0.0,0.0,0.0,0.0,0.412903438931597
DDB_PD_045_AMBR_R19__S5,DDB_PD_045_AMBR,DDB_PD_045_AMBR_SDT179-001_R19_Main_,R19,S5,29.65800629,4,156.6,0.0,0.0,0.0,0.0,0.0,0.0,0.0,0.506101444462984
DDB_PD_045_AMBR_R19__S6,DDB_PD_045_AMBR,DDB_PD_045_AMBR_SDT179-001_R19_Main_,R19,S6,31.6984777,2,175.0,0.0,0.0,0.0,0.0,0.0,0.0,0.0,0.0
DDB_PD_045_AMBR_R19__S7,DDB_PD_045_AMBR,DDB_PD_045_AMBR_SDT179-001_R19_Main_,R19,S7,34.62996373,2,211.6,0.0,0.0,0.0,0.0,0.0,0.0,0.0,0.0
DDB_PD_045_AMBR_R19__S8,DDB_PD_045_AMBR,DDB_PD_045_AMBR_SDT179-001_R19_Main_,R19,S8,38.67610745,4,247.4,0.0,0.0,0.0,0.0,0.0,0.0,0.0,0.0
DDB_PD_045_AMBR_R20__S0,DDB_PD_045_AMBR,DDB_PD_045_AMBR_SDT179-001_R20_Main_,R20,S0,0.0,2,0.238,25.7104730883092,0.0,0.0,0.0,0.0,0.0,0.0,0.0
DDB_PD_045_AMBR_R20__S1,DDB_PD_045_AMBR,DDB_PD_045_AMBR_SDT179-001_R20_Main_,R20,S1,9.143567312,4,4.74,20.7105636787546,0.559402866224948,0.0,0.0,0.0,0.54768830609687,0.261507588096958,0.0
DDB_PD_045_AMBR_R20__S2,DDB_PD_045_AMBR,DDB_PD_045_AMBR_SDT179-001_R20_Main_,R20,S2,12.13568104,2,13.74,10.140571163496299,1.0010819920226401,0.0,0.22644316575832402,0.0,1.01825367007067,0.157694288470102,0.0
DDB_PD_045_AMBR_R20__S3,DDB_PD_045_AMBR,DDB_PD_045_AMBR_SDT179-001_R20_Main_,R20,S3,15.09227166,2,32.6,0.0,0.513532343667117,0.0,0.0,0.0,0.0,0.0,0.0
DDB_PD_045_AMBR_R20__S4,DDB_PD_045_AMBR,DDB_PD_045_AMBR_SDT179-001_R20_Main_,R20,S4,24.08386951,2,87.4,0.0,0.0,0.0,0.0,0.0,0.0,0.0,0.34764033011178896
DDB_PD_045_AMBR_R20__S5,DDB_PD_045_AMBR,DDB_PD_045_AMBR_SDT179-001_R20_Main_,R20,S5,30.08972494,4,149.8,0.0,0.0,0.0,0.0,0.0,0.0,0.0,0.37107123774032497
DDB_PD_045_AMBR_R20__S6,DDB_PD_045_AMBR,DDB_PD_045_AMBR_SDT179-001_R20_Main_,R20,S6,32.08456874,2,168.2,0.0,0.0,0.0,0.0,0.0,0.0,0.0,0.0
DDB_PD_045_AMBR_R20__S7,DDB_PD_045_AMBR,DDB_PD_045_AMBR_SDT179-001_R20_Main_,R20,S7,35.08406495,2,214.8,0.0,0.0,0.0,0.0,0.0,0.0,0.0,0.0
DDB_PD_045_AMBR_R20__S8,DDB_PD_045_AMBR,DDB_PD_045_AMBR_SDT179-001_R20_Main_,R20,S8,39.08793984,4,235.2,0.0,0.0,0.0,0.0,0.0,0.0,0.0,0.0
DDB_PD_045_AMBR_R21__S0,DDB_PD_045_AMBR,DDB_PD_045_AMBR_SDT180-001_R21_Main_,R21,S0,0.0,2,0.288,22.084481307503697,0.0,0.0,0.0,0.0,0.0,0.0,0.0
DDB_PD_045_AMBR_R21__S1,DDB_PD_045_AMBR,DDB_PD_045_AMBR_SDT180-001_R21_Main_,R21,S1,9.15109665,4,2.62,22.909160344085,0.0,0.0,0.0,0.0,0.0,0.0,0.0
DDB_PD_045_AMBR_R21__S2,DDB_PD_045_AMBR,DDB_PD_045_AMBR_SDT180-001_R21_Main_,R21,S2,12.13232118,2,7.32,13.3208574059144,0.20469495249261502,0.0,0.0,0.0,0.241424310536133,0.0,0.0
DDB_PD_045_AMBR_R21__S3,DDB_PD_045_AMBR,DDB_PD_045_AMBR_SDT180-001_R21_Main_,R21,S3,17.33282579,2,30.45,0.0,0.0,0.0,0.0,0.0,0.0,0.0,0.0
DDB_PD_045_AMBR_R21__S4,DDB_PD_045_AMBR,DDB_PD_045_AMBR_SDT180-001_R21_Main_,R21,S4,26.33650945,2,87.5,0.0,0.0,0.0,0.0,0.0,0.0,0.0,0.0
DDB_PD_045_AMBR_R21__S5,DDB_PD_045_AMBR,DDB_PD_045_AMBR_SDT180-001_R21_Main_,R21,S5,32.35610872,4,159.2,0.0,0.0,0.0,0.0,0.0,0.0,0.0,0.0
DDB_PD_045_AMBR_R21__S6,DDB_PD_045_AMBR,DDB_PD_045_AMBR_SDT180-001_R21_Main_,R21,S6,34.33365345,2,173.6,0.0,0.0,0.0,0.0,0.0,0.0,0.0,0.0
DDB_PD_045_AMBR_R22__S0,DDB_PD_045_AMBR,DDB_PD_045_AMBR_SDT180-001_R22_Main_,R22,S0,0.0,2,0.248,21.888232857592097,0.0,0.0,0.0,0.0,0.0,0.0,0.0
DDB_PD_045_AMBR_R22__S1,DDB_PD_045_AMBR,DDB_PD_045_AMBR_SDT180-001_R22_Main_,R22,S1,9.172795087999999,4,2.63,20.7433255546984,0.0,0.0,0.0,0.0,0.0,0.0,0.0
DDB_PD_045_AMBR_R22__S2,DDB_PD_045_AMBR,DDB_PD_045_AMBR_SDT180-001_R22_Main_,R22,S2,12.15282835,2,6.64,19.1715423106473,0.267426790963285,0.0,0.0,0.0,0.311700119610635,0.0,0.0
DDB_PD_045_AMBR_R22__S3,DDB_PD_045_AMBR,DDB_PD_045_AMBR_SDT180-001_R22_Main_,R22,S3,17.28569734,2,29.15,0.0,0.0,0.0,0.0,0.0,0.0,0.0,0.0
DDB_PD_045_AMBR_R22__S4,DDB_PD_045_AMBR,DDB_PD_045_AMBR_SDT180-001_R22_Main_,R22,S4,26.28698153,2,87.75,0.0,0.0,0.0,0.0,0.0,0.0,0.0,0.0
DDB_PD_045_AMBR_R22__S5,DDB_PD_045_AMBR,DDB_PD_045_AMBR_SDT180-001_R22_Main_,R22,S5,32.28318285,4,164.2,0.0,0.0,0.0,0.0,0.0,0.0,0.0,0.0
DDB_PD_045_AMBR_R22__S6,DDB_PD_045_AMBR,DDB_PD_045_AMBR_SDT180-001_R22_Main_,R22,S6,34.28618299,2,184.5,0.0,0.0,0.0,0.0,0.0,0.0,0.0,0.0
DDB_PD_045_AMBR_R23__S0,DDB_PD_045_AMBR,DDB_PD_045_AMBR_SDT189-001_R23_Main_,R23,S0,0.0,2,0.258,22.2052880887432,0.0,0.0,0.0,0.0,0.0,0.0,0.0
DDB_PD_045_AMBR_R23__S1,DDB_PD_045_AMBR,DDB_PD_045_AMBR_SDT189-001_R23_Main_,R23,S1,9.162428834,4,3.85,17.246320075255,0.444864245559991,0.0,0.0,0.0,0.0,0.135046883294781,0.0
DDB_PD_045_AMBR_R23__S2,DDB_PD_045_AMBR,DDB_PD_045_AMBR_SDT189-001_R23_Main_,R23,S2,12.14178561,2,10.64,13.038108214152299,0.932028469496331,0.0,0.271941957991237,0.0,0.722192034775674,0.224833763699488,0.0
DDB_PD_045_AMBR_R23__S3,DDB_PD_045_AMBR,DDB_PD_045_AMBR_SDT189-001_R23_Main_,R23,S3,15.93125779,2,29.95,0.0,0.565224179685812,0.0,0.0,0.0,0.0,0.0,0.0
DDB_PD_045_AMBR_R23__S4,DDB_PD_045_AMBR,DDB_PD_045_AMBR_SDT189-001_R23_Main_,R23,S4,24.93176522,2,75.6,0.0,0.0,0.0,0.0,0.0,0.0,0.0,0.178670865796894
DDB_PD_045_AMBR_R23__S5,DDB_PD_045_AMBR,DDB_PD_045_AMBR_SDT189-001_R23_Main_,R23,S5,30.93225476,4,128.8,0.0,0.0,0.0,0.0,0.0,0.0,0.0,0.210182814196877
DDB_PD_045_AMBR_R23__S6,DDB_PD_045_AMBR,DDB_PD_045_AMBR_SDT189-001_R23_Main_,R23,S6,32.9314715,2,152.0,0.0,0.0,0.0,0.0,0.0,0.0,0.0,0.0
DDB_PD_045_AMBR_R24__S0,DDB_PD_045_AMBR,DDB_PD_045_AMBR_SDT189-001_R24_Main_,R24,S0,0.0,2,0.257,20.2601198412492,0.0,0.0,0.0,0.0,0.0,0.0,0.0
DDB_PD_045_AMBR_R24__S1,DDB_PD_045_AMBR,DDB_PD_045_AMBR_SDT189-001_R24_Main_,R24,S1,9.184310069,4,4.03,16.0238596968759,0.464381580785424,0.0,0.0,0.0,0.32225438079662205,0.14199061995505902,0.0
DDB_PD_045_AMBR_R24__S2,DDB_PD_045_AMBR,DDB_PD_045_AMBR_SDT189-001_R24_Main_,R24,S2,12.16376289,2,10.96,9.37495067254845,0.8324654444368371,0.0,0.213720777030621,0.0,0.617783900033105,0.17798561356972098,0.0
DDB_PD_045_AMBR_R24__S3,DDB_PD_045_AMBR,DDB_PD_045_AMBR_SDT189-001_R24_Main_,R24,S3,15.63093033,2,30.4,0.0,0.6403166379854119,0.0,0.0,0.0,0.0,0.0,0.0
DDB_PD_045_AMBR_R24__S4,DDB_PD_045_AMBR,DDB_PD_045_AMBR_SDT189-001_R24_Main_,R24,S4,24.6323264,2,81.55,0.0,0.0,0.0,0.0,0.0,0.0,0.0,0.0
DDB_PD_045_AMBR_R24__S5,DDB_PD_045_AMBR,DDB_PD_045_AMBR_SDT189-001_R24_Main_,R24,S5,30.63446917,4,134.1,0.0,0.22507993753202002,0.0,0.0,0.0,0.0,0.0,0.25164980953912003
DDB_PD_045_AMBR_R24__S6,DDB_PD_045_AMBR,DDB_PD_045_AMBR_SDT189-001_R24_Main_,R24,S6,32.63456807,2,150.2,0.0,0.24777814336096102,0.0,0.0,0.0,0.0,0.0,0.0
